transfer_id,Fee,Price,Trend
1,16000000.0,20000000.0,Decreased
2,0.0,800000.0,Decreased
3,0.0,300000.0,Decreased
4,0.0,13000000.0,Decreased
5,0.0,8000000.0,Decreased
6,20200000.0,15000000.0,Increased
7,22000000.0,30000000.0,Decreased
8,13000000.0,14000000.0,Stable
9,4000000.0,3000000.0,Stable
10,8000000.0,11000000.0,Decreased
11,0.0,400000.0,Decreased
12,0.0,5000000.0,Decreased
13,20000000.0,20000000.0,Increased
14,35900000.0,36000000.0,Increased
15,21300000.0,15000000.0,Increased
16,1300000.0,3000000.0,Decreased
17,0.0,3000000.0,Decreased
18,0.0,2500000.0,Decreased
19,3500000.0,800000.0,Increased
20,1750000.0,800000.0,Stable
21,1050000.0,12000000.0,Decreased
22,40000000.0,40000000.0,Stable
23,17850000.0,10000000.0,Increased
24,0.0,2000000.0,Stable
25,0.0,7000000.0,Decreased
26,1000000.0,800000.0,Stable
27,0.0,8000000.0,Decreased
28,9000000.0,10000000.0,Increased
29,0.0,20000000.0,Decreased
30,0.0,12000000.0,Decreased
31,0.0,3000000.0,Stable
32,30500000.0,2000000.0,Increased
33,10000000.0,1000000.0,Increased
34,32000000.0,25000000.0,Increased
35,0.0,4000000.0,Decreased
36,0.0,7500000.0,Decreased
37,0.0,15000000.0,Decreased
38,0.0,5000000.0,Decreased
39,8000000.0,2000000.0,Increased
40,24700000.0,15000000.0,Increased
41,0.0,7000000.0,Decreased
42,10700000.0,12000000.0,Decreased
43,0.0,8000000.0,Decreased
44,0.0,3000000.0,Decreased
45,0.0,4500000.0,Decreased
46,0.0,30000000.0,Decreased
47,0.0,15000000.0,Decreased
48,0.0,8000000.0,Decreased
49,0.0,,Decreased
50,0.0,20000000.0,Decreased
51,0.0,15000000.0,Decreased
52,0.0,4000000.0,Decreased
53,0.0,10000000.0,Decreased
54,0.0,7000000.0,Decreased
55,14000000.0,2500000.0,Increased
56,0.0,14000000.0,Decreased
57,0.0,8000000.0,Decreased
58,0.0,5000000.0,Decreased
59,21200000.0,10000000.0,Increased
60,0.0,10000000.0,Decreased
61,0.0,7000000.0,Decreased
62,19000000.0,20000000.0,Increased
63,0.0,5000000.0,Decreased
64,0.0,2000000.0,Decreased
65,5000000.0,2000000.0,Increased
66,3500000.0,6000000.0,Decreased
67,12000000.0,6000000.0,Increased
68,1600000.0,900000.0,Increased
69,17250000.0,15000000.0,Increased
70,1400000.0,400000.0,Increased
71,3200000.0,3500000.0,Increased
72,0.0,2000000.0,Stable
73,24750000.0,17000000.0,Increased
74,7000000.0,10000000.0,Decreased
75,6000000.0,9000000.0,Stable
76,0.0,12500000.0,Decreased
77,0.0,4000000.0,Decreased
78,5000000.0,8000000.0,Stable
79,23000000.0,18000000.0,Increased
80,0.0,3500000.0,Decreased
81,0.0,2000000.0,Decreased
82,14000000.0,3000000.0,Increased
83,72000000.0,65000000.0,Increased
84,0.0,8000000.0,Decreased
85,2600000.0,1250000.0,Increased
86,0.0,5000000.0,Decreased
87,0.0,25000000.0,Decreased
88,0.0,30000000.0,Decreased
89,10000000.0,16000000.0,Decreased
90,0.0,38000000.0,Decreased
91,0.0,18000000.0,Decreased
92,25000000.0,22000000.0,Increased
93,0.0,8000000.0,Decreased
94,11000000.0,7000000.0,Increased
95,2000000.0,2500000.0,Stable
96,180000000.0,120000000.0,Increased
97,15000000.0,10000000.0,Stable
98,16000000.0,14000000.0,Increased
99,0.0,8000000.0,Decreased
100,0.0,4500000.0,Decreased
101,16800000.0,8000000.0,Increased
102,0.0,3000000.0,Decreased
103,0.0,3500000.0,Decreased
104,3000000.0,5000000.0,Decreased
105,2500000.0,800000.0,Increased
106,18500000.0,25000000.0,Decreased
107,3000000.0,3000000.0,Stable
108,20200000.0,6000000.0,Increased
109,0.0,7000000.0,Stable
110,0.0,5000000.0,Stable
111,0.0,700000.0,Stable
112,4000000.0,700000.0,Increased
113,0.0,4000000.0,Decreased
114,12000000.0,5000000.0,Increased
115,11300000.0,5000000.0,Increased
116,25000000.0,10000000.0,Increased
117,14000000.0,12000000.0,Increased
118,2250000.0,500000.0,Increased
119,6000000.0,1750000.0,Increased
120,3800000.0,1350000.0,Increased
121,0.0,6000000.0,Decreased
122,17000000.0,5000000.0,Increased
123,0.0,40000000.0,Decreased
124,24500000.0,25000000.0,Increased
125,40400000.0,35000000.0,Increased
126,0.0,25000000.0,Decreased
127,9500000.0,25000000.0,Decreased
128,20000000.0,10000000.0,Increased
129,10500000.0,9000000.0,Increased
130,4500000.0,10000000.0,Decreased
131,37000000.0,18000000.0,Increased
132,0.0,60000000.0,Decreased
133,60000000.0,65000000.0,Decreased
134,6000000.0,4500000.0,Increased
135,2630000.0,4500000.0,Increased
136,0.0,2000000.0,Decreased
137,0.0,1000000.0,Decreased
138,4250000.0,750000.0,Increased
139,25000000.0,25000000.0,Stable
140,2000000.0,900000.0,Increased
141,2000000.0,1500000.0,Stable
142,2000000.0,700000.0,Increased
143,8000000.0,2500000.0,Increased
144,31000000.0,30000000.0,Stable
145,38400000.0,15000000.0,Increased
146,600000.0,600000.0,Stable
147,1600000.0,3000000.0,Decreased
148,16000000.0,20000000.0,Decreased
149,20000000.0,20000000.0,Increased
150,0.0,3000000.0,Decreased
151,0.0,1500000.0,Decreased
152,6000000.0,6000000.0,Stable
153,25000000.0,14000000.0,Increased
154,3000000.0,4000000.0,Stable
155,3000000.0,7500000.0,Decreased
156,5000000.0,12000000.0,Decreased
157,0.0,40000000.0,Decreased
158,0.0,9000000.0,Decreased
159,0.0,6000000.0,Decreased
160,5500000.0,7500000.0,Decreased
161,5000000.0,2500000.0,Increased
162,0.0,1500000.0,Decreased
163,0.0,2000000.0,Decreased
164,11000000.0,7500000.0,Increased
165,0.0,3500000.0,Decreased
166,0.0,2000000.0,Decreased
167,0.0,60000000.0,Decreased
168,0.0,50000000.0,Decreased
169,64000000.0,50000000.0,Increased
170,40000000.0,25000000.0,Increased
171,30000000.0,25000000.0,Increased
172,10700000.0,8500000.0,Increased
173,7450000.0,3500000.0,Increased
174,0.0,20000000.0,Decreased
175,18500000.0,20000000.0,Decreased
176,0.0,7000000.0,Decreased
177,0.0,5000000.0,Decreased
178,9750000.0,13000000.0,Decreased
179,3000000.0,5000000.0,Decreased
180,11000000.0,7000000.0,Increased
181,0.0,7000000.0,Decreased
182,12000000.0,10000000.0,Increased
183,38000000.0,30000000.0,Increased
184,0.0,12000000.0,Decreased
185,0.0,10000000.0,Decreased
186,15000000.0,10000000.0,Increased
187,0.0,2500000.0,Decreased
188,0.0,1500000.0,Decreased
189,0.0,7000000.0,Decreased
190,0.0,20000000.0,Decreased
191,0.0,9000000.0,Decreased
192,0.0,6500000.0,Decreased
193,0.0,1500000.0,Decreased
194,0.0,1800000.0,Decreased
195,0.0,1200000.0,Decreased
196,0.0,1300000.0,Decreased
197,42000000.0,20000000.0,Increased
198,0.0,2000000.0,Decreased
199,0.0,3000000.0,Decreased
200,0.0,5500000.0,Decreased
201,0.0,1500000.0,Decreased
202,0.0,15000000.0,Decreased
203,0.0,2500000.0,Decreased
204,0.0,10000000.0,Decreased
205,0.0,2000000.0,Decreased
206,0.0,12000000.0,Decreased
207,0.0,15000000.0,Decreased
208,0.0,6000000.0,Decreased
209,0.0,7500000.0,Decreased
210,4000000.0,1750000.0,Increased
211,6350000.0,2800000.0,Increased
212,4500000.0,3500000.0,Stable
213,11000000.0,6500000.0,Increased
214,6750000.0,1000000.0,Increased
215,0.0,10000000.0,Decreased
216,0.0,4000000.0,Decreased
217,1100000.0,,Stable
218,0.0,,Decreased
219,0.0,1500000.0,Decreased
220,0.0,250000.0,Decreased
221,27000000.0,12500000.0,Increased
222,15000000.0,15000000.0,Increased
223,0.0,2000000.0,Stable
224,1500000.0,3000000.0,Stable
225,0.0,2000000.0,Decreased
226,6000000.0,3500000.0,Increased
227,1000000.0,1000000.0,Stable
228,2000000.0,1500000.0,Increased
229,2000000.0,4000000.0,Stable
230,13000000.0,7500000.0,Increased
231,3000000.0,1500000.0,Increased
232,4000000.0,2500000.0,Increased
233,2000000.0,1500000.0,Stable
234,0.0,6500000.0,Decreased
235,20000000.0,20000000.0,Increased
236,11000000.0,17000000.0,Decreased
237,65000000.0,60000000.0,Increased
238,50000000.0,50000000.0,Increased
239,127200000.0,70000000.0,Increased
240,2200000.0,1400000.0,Stable
241,300000.0,900000.0,Stable
242,3500000.0,2000000.0,Increased
243,14000000.0,9000000.0,Increased
244,0.0,900000.0,Stable
245,0.0,125000.0,Stable
246,4000000.0,10000000.0,Decreased
247,0.0,2800000.0,Stable
248,0.0,1000000.0,Stable
249,45000000.0,40000000.0,Increased
250,6500000.0,2000000.0,Increased
251,5000000.0,3000000.0,Increased
252,0.0,200000.0,Decreased
253,0.0,3200000.0,Decreased
254,0.0,2000000.0,Decreased
255,3490000.0,2500000.0,Stable
256,2000000.0,1500000.0,Stable
257,0.0,9000000.0,Decreased
258,0.0,10000000.0,Decreased
259,0.0,3000000.0,Stable
260,0.0,4000000.0,Decreased
261,0.0,5000000.0,Decreased
262,0.0,15000000.0,Stable
263,0.0,2000000.0,Stable
264,0.0,950000.0,Stable
265,0.0,1500000.0,Stable
266,5000000.0,700000.0,Increased
267,0.0,7500000.0,Stable
268,0.0,800000.0,Stable
269,4000000.0,4000000.0,Increased
270,22220000.0,9000000.0,Increased
271,15560000.0,12000000.0,Increased
272,0.0,17500000.0,Decreased
273,0.0,12000000.0,Decreased
274,21300000.0,10000000.0,Increased
275,13300000.0,3500000.0,Increased
276,0.0,56000000.0,Decreased
277,0.0,90000000.0,Decreased
278,1300000.0,5000000.0,Decreased
279,8000000.0,10000000.0,Decreased
280,0.0,4000000.0,Decreased
281,14000000.0,12000000.0,Increased
282,80000000.0,70000000.0,Increased
283,0.0,15000000.0,Decreased
284,0.0,18000000.0,Decreased
285,0.0,20000000.0,Decreased
286,0.0,1600000.0,Decreased
287,0.0,2000000.0,Decreased
288,0.0,5000000.0,Decreased
289,0.0,40000000.0,Decreased
290,0.0,50000000.0,Decreased
291,22000000.0,50000000.0,Decreased
292,0.0,9500000.0,Decreased
293,0.0,22000000.0,Decreased
294,0.0,2000000.0,Decreased
295,12000000.0,45000000.0,Decreased
296,0.0,45000000.0,Decreased
297,0.0,17500000.0,Decreased
298,0.0,30000000.0,Decreased
299,21200000.0,13000000.0,Increased
300,0.0,20000000.0,Decreased
301,0.0,18000000.0,Decreased
302,0.0,6500000.0,Decreased
303,9800000.0,10000000.0,Increased
304,0.0,4000000.0,Decreased
305,0.0,5000000.0,Decreased
306,7500000.0,8000000.0,Stable
307,0.0,22000000.0,Decreased
308,24000000.0,25000000.0,Increased
309,0.0,13500000.0,Decreased
310,0.0,10000000.0,Decreased
311,17200000.0,12000000.0,Increased
312,0.0,14000000.0,Decreased
313,0.0,15000000.0,Decreased
314,31500000.0,15000000.0,Increased
315,0.0,8000000.0,Decreased
316,0.0,10000000.0,Decreased
317,13600000.0,12500000.0,Increased
318,0.0,3200000.0,Decreased
319,0.0,4500000.0,Decreased
320,7000000.0,9000000.0,Decreased
321,0.0,8000000.0,Decreased
322,0.0,7000000.0,Decreased
323,4000000.0,5000000.0,Decreased
324,27000000.0,90000000.0,Decreased
325,45000000.0,38000000.0,Increased
326,55000000.0,35000000.0,Increased
327,4000000.0,3000000.0,Stable
328,10250000.0,17000000.0,Decreased
329,0.0,10000000.0,Decreased
330,25000000.0,50000000.0,Decreased
331,0.0,10500000.0,Decreased
332,0.0,13000000.0,Decreased
333,11000000.0,14000000.0,Stable
334,8000000.0,20000000.0,Decreased
335,63000000.0,60000000.0,Increased
336,22340000.0,60000000.0,Decreased
337,6000000.0,8500000.0,Decreased
338,43500000.0,35000000.0,Increased
339,0.0,54000000.0,Decreased
340,0.0,35000000.0,Decreased
341,48000000.0,30000000.0,Increased
342,25000000.0,11000000.0,Increased
343,49500000.0,15000000.0,Increased
344,15000000.0,12000000.0,Increased
345,35000000.0,15000000.0,Increased
346,18000000.0,14000000.0,Increased
347,15000000.0,6000000.0,Increased
348,34200000.0,35000000.0,Increased
349,86000000.0,85000000.0,Increased
350,0.0,100000.0,Decreased
351,7000000.0,10000000.0,Decreased
352,12500000.0,12500000.0,Stable
353,2000000.0,4000000.0,Decreased
354,4500000.0,12500000.0,Decreased
355,9500000.0,12000000.0,Decreased
356,0.0,9500000.0,Decreased
357,0.0,15000000.0,Decreased
358,8500000.0,12500000.0,Increased
359,0.0,4000000.0,Decreased
360,0.0,7000000.0,Decreased
361,8000000.0,6000000.0,Increased
362,15000000.0,15000000.0,Stable
363,0.0,1600000.0,Decreased
364,0.0,2000000.0,Decreased
365,19750000.0,60000000.0,Decreased
366,8000000.0,8000000.0,Stable
367,12000000.0,15000000.0,Decreased
368,8000000.0,8000000.0,Stable
369,8000000.0,5000000.0,Increased
370,6000000.0,12000000.0,Decreased
371,0.0,3600000.0,Decreased
372,0.0,4000000.0,Decreased
373,0.0,7500000.0,Decreased
374,0.0,10000000.0,Decreased
375,13000000.0,15000000.0,Decreased
376,0.0,2800000.0,Decreased
377,0.0,4000000.0,Decreased
378,80000000.0,65000000.0,Increased
379,19500000.0,12000000.0,Increased
380,0.0,16000000.0,Decreased
381,0.0,20000000.0,Decreased
382,25000000.0,20000000.0,Increased
383,20000000.0,45000000.0,Increased
384,0.0,2400000.0,Decreased
385,0.0,3000000.0,Decreased
386,0.0,4000000.0,Decreased
387,0.0,4500000.0,Decreased
388,6500000.0,8000000.0,Decreased
389,0.0,1600000.0,Decreased
390,0.0,2700000.0,Decreased
391,8500000.0,4000000.0,Increased
392,0.0,1200000.0,Decreased
393,0.0,1500000.0,Decreased
394,20000000.0,23000000.0,Decreased
395,6750000.0,7500000.0,Decreased
396,0.0,7500000.0,Decreased
397,10500000.0,17000000.0,Decreased
398,9000000.0,12000000.0,Decreased
399,35000000.0,30000000.0,Increased
400,0.0,4500000.0,Decreased
401,0.0,3000000.0,Decreased
402,8000000.0,7500000.0,Stable
403,7750000.0,4000000.0,Increased
404,0.0,2400000.0,Decreased
405,0.0,5000000.0,Decreased
406,0.0,8000000.0,Decreased
407,0.0,10000000.0,Decreased
408,29500000.0,15000000.0,Increased
409,0.0,24000000.0,Decreased
410,0.0,30000000.0,Decreased
411,0.0,9500000.0,Decreased
412,0.0,10000000.0,Decreased
413,0.0,13000000.0,Decreased
414,0.0,23000000.0,Decreased
415,0.0,16000000.0,Decreased
416,0.0,20000000.0,Decreased
417,0.0,5000000.0,Decreased
418,0.0,6500000.0,Decreased
419,0.0,8000000.0,Decreased
420,0.0,8000000.0,Decreased
421,0.0,12000000.0,Decreased
422,0.0,24000000.0,Decreased
423,0.0,20000000.0,Decreased
424,9800000.0,9000000.0,Stable
425,65000000.0,55000000.0,Increased
426,0.0,15000000.0,Decreased
427,0.0,17000000.0,Decreased
428,0.0,5500000.0,Decreased
429,0.0,3000000.0,Decreased
430,0.0,4500000.0,Decreased
431,9000000.0,6000000.0,Increased
432,22000000.0,25000000.0,Decreased
433,0.0,15000000.0,Decreased
434,0.0,18000000.0,Decreased
435,16600000.0,18000000.0,Decreased
436,12000000.0,20000000.0,Decreased
437,0.0,25000000.0,Decreased
438,0.0,15000000.0,Decreased
439,0.0,2000000.0,Decreased
440,0.0,50000000.0,Decreased
441,0.0,36000000.0,Decreased
442,0.0,20000000.0,Decreased
443,18000000.0,28000000.0,Decreased
444,0.0,15000000.0,Decreased
445,0.0,20000000.0,Decreased
446,0.0,10000000.0,Decreased
447,0.0,13000000.0,Decreased
448,14500000.0,12000000.0,Increased
449,0.0,17500000.0,Decreased
450,0.0,22000000.0,Decreased
451,0.0,13500000.0,Decreased
452,0.0,5000000.0,Decreased
453,22800000.0,5000000.0,Increased
454,0.0,500000.0,Decreased
455,6000000.0,8000000.0,Decreased
456,4000000.0,1400000.0,Increased
457,15560000.0,16000000.0,Stable
458,25000000.0,22000000.0,Increased
459,8250000.0,4000000.0,Increased
460,1500000.0,1500000.0,Stable
461,16460000.0,12000000.0,Increased
462,8000000.0,4000000.0,Increased
463,0.0,4800000.0,Decreased
464,0.0,6000000.0,Decreased
465,0.0,3200000.0,Decreased
466,0.0,4000000.0,Decreased
467,18000000.0,40000000.0,Decreased
468,10000000.0,10000000.0,Stable
469,3000000.0,3000000.0,Stable
470,120000000.0,130000000.0,Decreased
471,8000000.0,8000000.0,Stable
472,40000000.0,40000000.0,Stable
473,670000.0,400000.0,Decreased
474,0.0,400000.0,Decreased
475,3600000.0,4000000.0,Stable
476,9700000.0,12000000.0,Decreased
477,0.0,3200000.0,Decreased
478,0.0,4000000.0,Decreased
479,0.0,6500000.0,Decreased
480,0.0,3000000.0,Decreased
481,28000000.0,28000000.0,Stable
482,0.0,3200000.0,Decreased
483,0.0,4000000.0,Decreased
484,0.0,30000000.0,Decreased
485,22800000.0,15000000.0,Increased
486,28000000.0,25000000.0,Increased
487,16800000.0,2500000.0,Increased
488,0.0,1250000.0,Decreased
489,0.0,2500000.0,Decreased
490,4600000.0,10000000.0,Decreased
491,2000000.0,2000000.0,Stable
492,45000000.0,40000000.0,Increased
493,15000000.0,8000000.0,Increased
494,0.0,16000000.0,Decreased
495,0.0,35000000.0,Decreased
496,0.0,12000000.0,Decreased
497,2240000.0,4000000.0,Decreased
498,74000000.0,75000000.0,Stable
499,0.0,25000000.0,Decreased
500,7750000.0,7000000.0,Stable
501,0.0,16000000.0,Decreased
502,0.0,20000000.0,Decreased
503,2800000.0,8000000.0,Decreased
504,25100000.0,15000000.0,Increased
505,12900000.0,12000000.0,Stable
506,87000000.0,50000000.0,Increased
507,3400000.0,1000000.0,Increased
508,30400000.0,25000000.0,Increased
509,33400000.0,20000000.0,Increased
510,22300000.0,5000000.0,Increased
511,0.0,9500000.0,Decreased
512,0.0,10000000.0,Decreased
513,16500000.0,7000000.0,Increased
514,0.0,8000000.0,Decreased
515,0.0,1500000.0,Decreased
516,18000000.0,20000000.0,Decreased
517,0.0,5500000.0,Decreased
518,0.0,3500000.0,Decreased
519,0.0,40000000.0,Stable
520,39000000.0,25000000.0,Increased
521,0.0,25000000.0,Stable
522,0.0,1000000.0,Stable
523,0.0,3600000.0,Stable
524,0.0,550000.0,Stable
525,6000000.0,6000000.0,Stable
526,9000000.0,7500000.0,Increased
527,3900000.0,3000000.0,Stable
528,16200000.0,18000000.0,Decreased
529,0.0,17500000.0,Decreased
530,0.0,12500000.0,Decreased
531,10980000.0,12500000.0,Decreased
532,0.0,12500000.0,Decreased
533,0.0,5000000.0,Decreased
534,7100000.0,,Increased
535,0.0,22500000.0,Decreased
536,0.0,28000000.0,Decreased
537,0.0,4800000.0,Decreased
538,0.0,10000000.0,Decreased
539,0.0,3000000.0,Decreased
540,20000000.0,20000000.0,Increased
541,0.0,20000000.0,Decreased
542,0.0,800000.0,Stable
543,4000000.0,3000000.0,Increased
544,0.0,2500000.0,Stable
545,0.0,1500000.0,Stable
546,0.0,1600000.0,Decreased
547,6400000.0,1100000.0,Increased
548,0.0,6000000.0,Stable
549,0.0,900000.0,Stable
550,1000000.0,300000.0,Stable
551,8000000.0,3000000.0,Increased
552,2000000.0,2400000.0,Decreased
553,21700000.0,17500000.0,Stable
554,0.0,12000000.0,Decreased
555,0.0,5000000.0,Decreased
556,8000000.0,5000000.0,Increased
557,0.0,5000000.0,Decreased
558,6500000.0,2400000.0,Increased
559,5000000.0,6500000.0,Decreased
560,1650000.0,2800000.0,Decreased
561,23100000.0,22000000.0,Increased
562,0.0,22000000.0,Decreased
563,0.0,2000000.0,Decreased
564,0.0,1800000.0,Decreased
565,34000000.0,12000000.0,Increased
566,0.0,3500000.0,Decreased
567,0.0,900000.0,Decreased
568,0.0,3500000.0,Decreased
569,0.0,2700000.0,Decreased
570,2100000.0,3500000.0,Decreased
571,0.0,2700000.0,Decreased
572,0.0,15000000.0,Decreased
573,3850000.0,6300000.0,Decreased
574,17800000.0,9000000.0,Increased
575,0.0,12000000.0,Decreased
576,0.0,5400000.0,Decreased
577,30150000.0,11000000.0,Increased
578,0.0,16000000.0,Decreased
579,0.0,7000000.0,Decreased
580,0.0,7500000.0,Decreased
581,22000000.0,13000000.0,Increased
582,0.0,5000000.0,Decreased
583,0.0,3200000.0,Decreased
584,0.0,27000000.0,Decreased
585,0.0,32000000.0,Decreased
586,23000000.0,20000000.0,Decreased
587,10000000.0,7500000.0,Decreased
588,0.0,9000000.0,Decreased
589,0.0,15000000.0,Decreased
590,0.0,200000.0,Decreased
591,9000000.0,8000000.0,Increased
592,30000000.0,25000000.0,Increased
593,0.0,25000000.0,Decreased
594,0.0,18000000.0,Decreased
595,12000000.0,12000000.0,Stable
596,0.0,5500000.0,Decreased
597,0.0,17500000.0,Decreased
598,7000000.0,4800000.0,Stable
599,53000000.0,64000000.0,Decreased
600,26500000.0,25000000.0,Increased
601,0.0,35000000.0,Decreased
602,43000000.0,54000000.0,Decreased
603,0.0,8000000.0,Decreased
604,0.0,7200000.0,Decreased
605,0.0,15000000.0,Decreased
606,0.0,8000000.0,Decreased
607,8000000.0,1300000.0,Increased
608,0.0,6000000.0,Decreased
609,0.0,4500000.0,Decreased
610,15000000.0,8000000.0,Increased
611,5000000.0,6500000.0,Decreased
612,4000000.0,4800000.0,Decreased
613,6300000.0,3600000.0,Increased
614,13000000.0,13500000.0,Increased
615,26000000.0,20000000.0,Increased
616,16700000.0,18000000.0,Decreased
617,27000000.0,25000000.0,Increased
618,0.0,1200000.0,Decreased
619,4000000.0,5500000.0,Decreased
620,0.0,1800000.0,Decreased
621,0.0,1600000.0,Decreased
622,6400000.0,15000000.0,Decreased
623,0.0,2500000.0,Decreased
624,0.0,5000000.0,Decreased
625,0.0,100000.0,Decreased
626,100000.0,,Stable
627,0.0,,Stable
628,0.0,2500000.0,Decreased
629,0.0,9500000.0,Decreased
630,0.0,20000000.0,Decreased
631,22000000.0,48000000.0,Decreased
632,2000000.0,4000000.0,Decreased
633,1500000.0,3200000.0,Decreased
634,11000000.0,28000000.0,Decreased
635,0.0,8000000.0,Decreased
636,0.0,8000000.0,Decreased
637,0.0,24000000.0,Decreased
638,15000000.0,20000000.0,Stable
639,1000000.0,8000000.0,Decreased
640,0.0,8000000.0,Decreased
641,25000000.0,24000000.0,Stable
642,0.0,18000000.0,Decreased
643,0.0,20000000.0,Decreased
644,0.0,4500000.0,Decreased
645,0.0,4800000.0,Decreased
646,22000000.0,20000000.0,Increased
647,16000000.0,17500000.0,Decreased
648,17000000.0,12000000.0,Decreased
649,0.0,12000000.0,Decreased
650,0.0,20000000.0,Decreased
651,0.0,5000000.0,Decreased
652,0.0,13000000.0,Decreased
653,0.0,10000000.0,Decreased
654,4000000.0,5000000.0,Stable
655,27000000.0,22500000.0,Increased
656,0.0,20000000.0,Decreased
657,0.0,24000000.0,Decreased
658,1700000.0,1600000.0,Stable
659,0.0,6000000.0,Decreased
660,0.0,6500000.0,Decreased
661,0.0,9000000.0,Decreased
662,6000000.0,2000000.0,Increased
663,11000000.0,8000000.0,Increased
664,17500000.0,24000000.0,Decreased
665,0.0,12000000.0,Decreased
666,0.0,10000000.0,Decreased
667,2000000.0,2000000.0,Stable
668,0.0,8000000.0,Decreased
669,0.0,10000000.0,Decreased
670,500000.0,9000000.0,Decreased
671,45300000.0,28000000.0,Increased
672,0.0,2800000.0,Decreased
673,0.0,5000000.0,Decreased
674,0.0,12000000.0,Decreased
675,6470000.0,5500000.0,Increased
676,0.0,2400000.0,Decreased
677,8500000.0,9500000.0,Stable
678,0.0,1800000.0,Decreased
679,0.0,3000000.0,Decreased
680,0.0,10000000.0,Decreased
681,0.0,15000000.0,Decreased
682,6700000.0,32000000.0,Decreased
683,0.0,32000000.0,Decreased
684,0.0,22000000.0,Decreased
685,49000000.0,80000000.0,Decreased
686,1300000.0,2400000.0,Decreased
687,8450000.0,5500000.0,Increased
688,0.0,10000000.0,Decreased
689,0.0,3200000.0,Decreased
690,0.0,12000000.0,Decreased
691,0.0,8000000.0,Decreased
692,0.0,16000000.0,Decreased
693,3270000.0,6000000.0,Decreased
694,2000000.0,2400000.0,Stable
695,25000000.0,20000000.0,Stable
696,0.0,2000000.0,Decreased
697,0.0,2800000.0,Decreased
698,7500000.0,10000000.0,Decreased
699,5000000.0,1600000.0,Increased
700,32000000.0,40000000.0,Stable
701,7000000.0,7000000.0,Decreased
702,6500000.0,6500000.0,Stable
703,0.0,1000000.0,Stable
704,0.0,6000000.0,Decreased
705,0.0,7000000.0,Decreased
706,0.0,8000000.0,Decreased
707,0.0,16000000.0,Decreased
708,4000000.0,6000000.0,Increased
709,0.0,3500000.0,Decreased
710,0.0,2400000.0,Decreased
711,32500000.0,50000000.0,Decreased
712,24000000.0,22000000.0,Increased
713,71600000.0,35000000.0,Increased
714,0.0,2000000.0,Decreased
715,0.0,3200000.0,Decreased
716,20900000.0,18000000.0,Increased
717,0.0,3200000.0,Decreased
718,0.0,2200000.0,Decreased
719,0.0,3500000.0,Decreased
720,0.0,10000000.0,Decreased
721,0.0,9500000.0,Decreased
722,2000000.0,950000.0,Increased
723,5000000.0,1000000.0,Increased
724,13000000.0,15000000.0,Stable
725,13000000.0,9000000.0,Increased
726,1500000.0,1200000.0,Stable
727,10000000.0,7000000.0,Increased
728,0.0,18000000.0,Decreased
729,39000000.0,44000000.0,Decreased
730,0.0,1000000.0,Decreased
731,0.0,2400000.0,Decreased
732,0.0,5000000.0,Decreased
733,0.0,3200000.0,Decreased
734,0.0,12000000.0,Decreased
735,15000000.0,12000000.0,Increased
736,80000000.0,81000000.0,Stable
737,0.0,15000000.0,Decreased
738,0.0,13500000.0,Decreased
739,0.0,900000.0,Stable
740,0.0,15000000.0,Decreased
741,0.0,5000000.0,Decreased
742,50200000.0,40000000.0,Increased
743,0.0,27000000.0,Decreased
744,0.0,8000000.0,Decreased
745,0.0,11000000.0,Decreased
746,8000000.0,7500000.0,Stable
747,0.0,25000000.0,Decreased
748,0.0,20000000.0,Decreased
749,5200000.0,4000000.0,Increased
750,5750000.0,3500000.0,Increased
751,15500000.0,17500000.0,Decreased
752,11130000.0,6000000.0,Increased
753,500000.0,400000.0,Stable
754,44700000.0,28000000.0,Increased
755,13300000.0,8000000.0,Increased
756,0.0,48000000.0,Decreased
757,0.0,7000000.0,Decreased
758,0.0,4000000.0,Decreased
759,6500000.0,4800000.0,Increased
760,27500000.0,16000000.0,Increased
761,0.0,4000000.0,Decreased
762,0.0,6300000.0,Decreased
763,16500000.0,11000000.0,Increased
764,32000000.0,40000000.0,Decreased
765,16400000.0,15000000.0,Increased
766,0.0,14000000.0,Decreased
767,0.0,10000000.0,Decreased
768,0.0,12000000.0,Decreased
769,4100000.0,2500000.0,Increased
770,9500000.0,6500000.0,Increased
771,4000000.0,4000000.0,Increased
772,80600000.0,56000000.0,Increased
773,0.0,2500000.0,Decreased
774,13000000.0,10000000.0,Increased
775,7650000.0,8000000.0,Increased
776,0.0,7500000.0,Decreased
777,0.0,4000000.0,Decreased
778,0.0,3000000.0,Decreased
779,0.0,2800000.0,Decreased
780,0.0,6000000.0,Decreased
781,0.0,4500000.0,Decreased
782,0.0,18000000.0,Decreased
783,0.0,25000000.0,Decreased
784,11000000.0,6500000.0,Increased
785,0.0,15000000.0,Decreased
786,0.0,20000000.0,Decreased
787,0.0,30000000.0,Decreased
788,0.0,13500000.0,Decreased
789,0.0,11000000.0,Decreased
790,0.0,10000000.0,Decreased
791,0.0,3600000.0,Decreased
792,2000000.0,1600000.0,Stable
793,0.0,2400000.0,Decreased
794,7000000.0,4000000.0,Increased
795,4800000.0,1000000.0,Increased
796,0.0,2000000.0,Decreased
797,0.0,6000000.0,Decreased
798,0.0,7200000.0,Decreased
799,6000000.0,2000000.0,Increased
800,0.0,8000000.0,Stable
801,0.0,700000.0,Stable
802,3500000.0,4500000.0,Stable
803,2500000.0,2700000.0,Stable
804,0.0,18000000.0,Decreased
805,0.0,17000000.0,Decreased
806,40000000.0,12000000.0,Increased
807,0.0,18000000.0,Decreased
808,0.0,20000000.0,Decreased
809,6000000.0,3600000.0,Increased
810,0.0,2000000.0,Stable
811,0.0,300000.0,Stable
812,400000.0,450000.0,Stable
813,0.0,12000000.0,Decreased
814,0.0,14000000.0,Decreased
815,0.0,,Decreased
816,26000000.0,4000000.0,Increased
817,0.0,4000000.0,Stable
818,0.0,,Stable
819,1000000.0,2500000.0,Stable
820,0.0,2500000.0,Stable
821,0.0,150000.0,Stable
822,0.0,,Stable
823,1390000.0,,Stable
824,0.0,2000000.0,Stable
825,0.0,,Stable
826,2100000.0,4000000.0,Decreased
827,7000000.0,8000000.0,Stable
828,8000000.0,12000000.0,Stable
829,0.0,15000000.0,Decreased
830,0.0,5000000.0,Decreased
831,5500000.0,5000000.0,Increased
832,4000000.0,5000000.0,Decreased
833,23000000.0,13000000.0,Increased
834,2000000.0,900000.0,Increased
835,0.0,10000000.0,Decreased
836,0.0,3000000.0,Decreased
837,8000000.0,9000000.0,Stable
838,0.0,2000000.0,Decreased
839,0.0,20000000.0,Decreased
840,0.0,18000000.0,Decreased
841,1000000.0,3000000.0,Decreased
842,0.0,12000000.0,Decreased
843,0.0,18000000.0,Decreased
844,0.0,4000000.0,Decreased
845,0.0,12000000.0,Decreased
846,0.0,3500000.0,Decreased
847,0.0,2500000.0,Decreased
848,0.0,3000000.0,Decreased
849,0.0,5000000.0,Decreased
850,0.0,3500000.0,Decreased
851,0.0,3000000.0,Decreased
852,0.0,12000000.0,Decreased
853,0.0,10000000.0,Decreased
854,5000000.0,15000000.0,Decreased
855,3000000.0,3500000.0,Increased
856,0.0,7000000.0,Decreased
857,0.0,50000.0,Stable
858,0.0,,Stable
859,16000000.0,12000000.0,Increased
860,0.0,14000000.0,Decreased
861,0.0,18000000.0,Decreased
862,0.0,7500000.0,Decreased
863,0.0,15000000.0,Decreased
864,0.0,200000.0,Stable
865,4000000.0,6000000.0,Stable
866,15000000.0,12000000.0,Increased
867,0.0,1500000.0,Stable
868,0.0,1000000.0,Stable
869,0.0,18000000.0,Decreased
870,0.0,28000000.0,Decreased
871,25000000.0,30000000.0,Increased
872,0.0,1000000.0,Decreased
873,0.0,1400000.0,Stable
874,0.0,900000.0,Stable
875,4000000.0,5000000.0,Stable
876,14250000.0,16000000.0,Decreased
877,14000000.0,16500000.0,Stable
878,3000000.0,3200000.0,Stable
879,17000000.0,14000000.0,Increased
880,0.0,3000000.0,Decreased
881,0.0,3500000.0,Decreased
882,0.0,18000000.0,Decreased
883,0.0,3000000.0,Decreased
884,10000000.0,16000000.0,Decreased
885,0.0,5500000.0,Decreased
886,0.0,13000000.0,Decreased
887,15000000.0,15000000.0,Increased
888,5400000.0,6500000.0,Decreased
889,12000000.0,8000000.0,Increased
890,20000000.0,28000000.0,Decreased
891,3900000.0,7000000.0,Decreased
892,10000000.0,10000000.0,Increased
893,0.0,5000000.0,Decreased
894,1750000.0,2500000.0,Stable
895,2000000.0,7000000.0,Decreased
896,15000000.0,15000000.0,Increased
897,0.0,5000000.0,Decreased
898,0.0,8000000.0,Decreased
899,12000000.0,14000000.0,Stable
900,15000000.0,18000000.0,Decreased
901,0.0,1000000.0,Stable
902,0.0,1000000.0,Stable
903,0.0,8000000.0,Decreased
904,0.0,6000000.0,Decreased
905,0.0,2500000.0,Stable
906,0.0,400000.0,Stable
907,1000000.0,800000.0,Stable
908,1300000.0,1300000.0,Stable
909,0.0,9000000.0,Decreased
910,0.0,20000000.0,Decreased
911,16000000.0,25000000.0,Increased
912,2000000.0,100000.0,Increased
913,200000.0,1000000.0,Stable
914,500000.0,175000.0,Stable
915,0.0,3000000.0,Decreased
916,0.0,5000000.0,Decreased
917,23500000.0,17000000.0,Increased
918,15700000.0,7000000.0,Increased
919,0.0,2500000.0,Decreased
920,4000000.0,3500000.0,Increased
921,0.0,4500000.0,Stable
922,0.0,550000.0,Stable
923,3000000.0,22000000.0,Decreased
924,3000000.0,10000000.0,Decreased
925,12000000.0,15000000.0,Decreased
926,5000000.0,5000000.0,Stable
927,53000000.0,40000000.0,Increased
928,2500000.0,1000000.0,Increased
929,8000000.0,7000000.0,Stable
930,0.0,10000000.0,Stable
931,0.0,5000000.0,Stable
932,8500000.0,12000000.0,Decreased
933,0.0,40000000.0,Decreased
934,0.0,5000000.0,Decreased
935,0.0,2500000.0,Decreased
936,0.0,900000.0,Stable
937,2500000.0,800000.0,Increased
938,0.0,1800000.0,Decreased
939,5500000.0,5000000.0,Stable
940,2500000.0,2500000.0,Increased
941,700000.0,2500000.0,Stable
942,0.0,1000000.0,Stable
943,0.0,5000000.0,Decreased
944,0.0,17000000.0,Decreased
945,4500000.0,2500000.0,Increased
946,11000000.0,17000000.0,Decreased
947,13570000.0,3000000.0,Increased
948,0.0,5200000.0,Decreased
949,6350000.0,8000000.0,Increased
950,6500000.0,5000000.0,Increased
951,0.0,5000000.0,Decreased
952,7000000.0,12000000.0,Decreased
953,11000000.0,8500000.0,Increased
954,0.0,8500000.0,Decreased
955,0.0,55000000.0,Decreased
956,0.0,3500000.0,Decreased
957,0.0,4000000.0,Decreased
958,0.0,5000000.0,Decreased
959,0.0,3500000.0,Decreased
960,0.0,3000000.0,Decreased
961,0.0,4500000.0,Decreased
962,15000000.0,12000000.0,Increased
963,0.0,8000000.0,Decreased
964,0.0,11000000.0,Decreased
965,0.0,10000000.0,Decreased
966,0.0,16000000.0,Decreased
967,0.0,2000000.0,Decreased
968,0.0,2800000.0,Decreased
969,0.0,5000000.0,Decreased
970,8000000.0,9000000.0,Decreased
971,18000000.0,35000000.0,Decreased
972,8550000.0,5000000.0,Increased
973,0.0,5500000.0,Decreased
974,0.0,7000000.0,Decreased
975,0.0,5000000.0,Decreased
976,9500000.0,8000000.0,Stable
977,0.0,15000000.0,Decreased
978,0.0,14000000.0,Decreased
979,11350000.0,27000000.0,Decreased
980,13500000.0,12000000.0,Increased
981,42500000.0,60000000.0,Decreased
982,0.0,10000000.0,Decreased
983,0.0,4500000.0,Decreased
984,0.0,10000000.0,Decreased
985,32000000.0,35000000.0,Decreased
986,85000000.0,100000000.0,Decreased
987,0.0,15000000.0,Decreased
988,0.0,,Decreased
989,0.0,2000000.0,Decreased
990,0.0,1200000.0,Decreased
991,2000000.0,5000000.0,Decreased
992,0.0,2000000.0,Decreased
993,0.0,2500000.0,Decreased
994,4500000.0,2500000.0,Increased
995,0.0,1500000.0,Decreased
996,0.0,1900000.0,Decreased
997,2300000.0,2000000.0,Stable
998,1500000.0,2200000.0,Stable
999,0.0,1500000.0,Stable
1000,0.0,950000.0,Stable
1001,0.0,3000000.0,Decreased
1002,0.0,2000000.0,Decreased
1003,0.0,2500000.0,Decreased
1004,0.0,7000000.0,Decreased
1005,0.0,1400000.0,Stable
1006,0.0,700000.0,Stable
1007,0.0,12000000.0,Decreased
1008,30000000.0,30000000.0,Stable
1009,6000000.0,1800000.0,Increased
1010,6000000.0,6000000.0,Stable
1011,0.0,15000000.0,Decreased
1012,0.0,10000000.0,Decreased
1013,16900000.0,10000000.0,Increased
1014,400000.0,700000.0,Stable
1015,2900000.0,4500000.0,Decreased
1016,500000.0,4500000.0,Decreased
1017,1800000.0,1800000.0,Stable
1018,23500000.0,15000000.0,Increased
1019,14000000.0,8000000.0,Increased
1020,7500000.0,6000000.0,Increased
1021,0.0,2200000.0,Decreased
1022,2600000.0,7000000.0,Decreased
1023,17500000.0,12000000.0,Increased
1024,8000000.0,6800000.0,Increased
1025,0.0,4000000.0,Decreased
1026,0.0,3000000.0,Decreased
1027,3500000.0,10000000.0,Decreased
1028,0.0,15000000.0,Decreased
1029,4800000.0,4000000.0,Stable
1030,0.0,8000000.0,Decreased
1031,30000000.0,6000000.0,Increased
1032,2300000.0,3000000.0,Decreased
1033,30000000.0,30000000.0,Decreased
1034,29400000.0,22000000.0,Increased
1035,0.0,5000000.0,Decreased
1036,0.0,7000000.0,Decreased
1037,35000000.0,32000000.0,Increased
1038,0.0,20000000.0,Decreased
1039,0.0,25000000.0,Decreased
1040,0.0,2500000.0,Decreased
1041,0.0,3000000.0,Decreased
1042,117500000.0,65000000.0,Increased
1043,0.0,50000.0,Decreased
1044,0.0,,Decreased
1045,17500000.0,22000000.0,Increased
1046,0.0,25000000.0,Decreased
1047,41000000.0,38000000.0,Stable
1048,58500000.0,28000000.0,Increased
1049,29400000.0,16000000.0,Increased
1050,0.0,10000000.0,Decreased
1051,0.0,25000000.0,Decreased
1052,0.0,10000000.0,Decreased
1053,0.0,11000000.0,Decreased
1054,12800000.0,15000000.0,Decreased
1055,11000000.0,5000000.0,Decreased
1056,0.0,5000000.0,Decreased
1057,0.0,12000000.0,Decreased
1058,0.0,10000000.0,Decreased
1059,0.0,20000000.0,Decreased
1060,0.0,25000000.0,Decreased
1061,0.0,15000000.0,Decreased
1062,0.0,10000000.0,Decreased
1063,0.0,4500000.0,Decreased
1064,0.0,5000000.0,Decreased
1065,0.0,3500000.0,Decreased
1066,0.0,9000000.0,Decreased
1067,0.0,1000000.0,Stable
1068,2400000.0,2000000.0,Stable
1069,3250000.0,7500000.0,Decreased
1070,7000000.0,8000000.0,Stable
1071,0.0,5000000.0,Decreased
1072,0.0,4000000.0,Decreased
1073,0.0,3000000.0,Decreased
1074,0.0,2200000.0,Decreased
1075,10000000.0,15000000.0,Decreased
1076,35300000.0,28000000.0,Increased
1077,0.0,65000000.0,Decreased
1078,0.0,35000000.0,Decreased
1079,17000000.0,35000000.0,Decreased
1080,83500000.0,70000000.0,Increased
1081,19600000.0,7000000.0,Increased
1082,0.0,5000000.0,Decreased
1083,0.0,10000000.0,Decreased
1084,0.0,400000.0,Decreased
1085,7500000.0,8000000.0,Increased
1086,6500000.0,4000000.0,Increased
1087,0.0,2000000.0,Decreased
1088,0.0,9000000.0,Decreased
1089,9000000.0,9000000.0,Stable
1090,0.0,4000000.0,Decreased
1091,0.0,1200000.0,Decreased
1092,5900000.0,7500000.0,Stable
1093,3500000.0,4000000.0,Decreased
1094,0.0,6000000.0,Decreased
1095,0.0,35000000.0,Decreased
1096,2500000.0,4000000.0,Decreased
1097,113000000.0,100000000.0,Increased
1098,12000000.0,7000000.0,Increased
1099,6400000.0,6500000.0,Stable
1100,30000000.0,30000000.0,Stable
1101,0.0,16000000.0,Decreased
1102,0.0,30000000.0,Decreased
1103,10000000.0,5000000.0,Increased
1104,16000000.0,20000000.0,Decreased
1105,1000000.0,1600000.0,Stable
1106,2500000.0,25000000.0,Decreased
1107,0.0,3000000.0,Decreased
1108,30000000.0,22000000.0,Increased
1109,700000.0,1500000.0,Stable
1110,2500000.0,2500000.0,Stable
1111,0.0,500000.0,Stable
1112,0.0,2000000.0,Decreased
1113,3500000.0,5000000.0,Decreased
1114,0.0,10000000.0,Decreased
1115,0.0,6000000.0,Decreased
1116,0.0,6500000.0,Decreased
1117,0.0,2500000.0,Decreased
1118,0.0,4500000.0,Decreased
1119,0.0,13000000.0,Decreased
1120,0.0,23000000.0,Decreased
1121,0.0,30000000.0,Decreased
1122,0.0,8000000.0,Decreased
1123,0.0,10000000.0,Decreased
1124,0.0,15000000.0,Decreased
1125,0.0,2000000.0,Stable
1126,0.0,20000000.0,Decreased
1127,0.0,12000000.0,Decreased
1128,21900000.0,25000000.0,Decreased
1129,0.0,5000000.0,Decreased
1130,0.0,6000000.0,Decreased
1131,7650000.0,5000000.0,Increased
1132,0.0,16000000.0,Decreased
1133,0.0,6000000.0,Decreased
1134,3200000.0,7000000.0,Decreased
1135,14280000.0,27000000.0,Decreased
1136,68000000.0,60000000.0,Increased
1137,0.0,8000000.0,Decreased
1138,0.0,9500000.0,Decreased
1139,2000000.0,2500000.0,Stable
1140,0.0,6000000.0,Decreased
1141,0.0,3500000.0,Decreased
1142,0.0,10000000.0,Decreased
1143,0.0,17000000.0,Stable
1144,0.0,1000000.0,Stable
1145,0.0,6500000.0,Decreased
1146,0.0,3000000.0,Decreased
1147,0.0,4000000.0,Decreased
1148,4000000.0,6000000.0,Decreased
1149,13000000.0,9000000.0,Increased
1150,0.0,,Decreased
1151,10000000.0,6000000.0,Increased
1152,0.0,30000000.0,Decreased
1153,0.0,18000000.0,Decreased
1154,4400000.0,3500000.0,Stable
1155,7000000.0,7000000.0,Stable
1156,42100000.0,30000000.0,Increased
1157,3500000.0,3000000.0,Stable
1158,17000000.0,9000000.0,Increased
1159,0.0,800000.0,Stable
1160,0.0,3000000.0,Stable
1161,0.0,850000.0,Stable
1162,1200000.0,2000000.0,Stable
1163,12000000.0,13000000.0,Stable
1164,0.0,3000000.0,Decreased
1165,5000000.0,3500000.0,Increased
1166,3500000.0,600000.0,Increased
1167,0.0,4000000.0,Decreased
1168,0.0,3000000.0,Decreased
1169,7000000.0,2000000.0,Increased
1170,0.0,1500000.0,Decreased
1171,2500000.0,2000000.0,Stable
1172,3900000.0,3500000.0,Stable
1173,0.0,600000.0,Stable
1174,2400000.0,400000.0,Increased
1175,3500000.0,1000000.0,Increased
1176,6000000.0,6000000.0,Stable
1177,3640000.0,1000000.0,Increased
1178,0.0,12000000.0,Decreased
1179,0.0,1800000.0,Decreased
1180,0.0,450000.0,Stable
1181,0.0,5000000.0,Stable
1182,1900000.0,2000000.0,Decreased
1183,0.0,2500000.0,Decreased
1184,700000.0,1200000.0,Stable
1185,0.0,2700000.0,Decreased
1186,0.0,4000000.0,Decreased
1187,0.0,3500000.0,Decreased
1188,1000000.0,4000000.0,Decreased
1189,0.0,8000000.0,Decreased
1190,0.0,6000000.0,Decreased
1191,0.0,10000000.0,Decreased
1192,0.0,6000000.0,Decreased
1193,0.0,6500000.0,Decreased
1194,3850000.0,6500000.0,Decreased
1195,11500000.0,7000000.0,Increased
1196,4200000.0,11000000.0,Decreased
1197,1400000.0,850000.0,Stable
1198,0.0,20000000.0,Decreased
1199,550000.0,1300000.0,Stable
1200,15390000.0,7500000.0,Increased
1201,0.0,4000000.0,Decreased
1202,2000000.0,2000000.0,Stable
1203,9400000.0,7000000.0,Increased
1204,12400000.0,6000000.0,Increased
1205,42000000.0,60000000.0,Increased
1206,18500000.0,35000000.0,Decreased
1207,57370000.0,32000000.0,Increased
1208,35000000.0,15000000.0,Increased
1209,25000000.0,25000000.0,Increased
1210,5000000.0,8000000.0,Decreased
1211,0.0,8000000.0,Decreased
1212,0.0,3000000.0,Decreased
1213,18000000.0,15000000.0,Decreased
1214,10000000.0,7500000.0,Increased
1215,0.0,6000000.0,Decreased
1216,0.0,3000000.0,Decreased
1217,2500000.0,3500000.0,Stable
1218,1000000.0,6500000.0,Decreased
1219,8000000.0,9000000.0,Decreased
1220,27500000.0,11000000.0,Increased
1221,37500000.0,30000000.0,Increased
1222,3000000.0,2500000.0,Increased
1223,10150000.0,5000000.0,Increased
1224,0.0,5000000.0,Decreased
1225,0.0,2000000.0,Decreased
1226,2600000.0,2500000.0,Stable
1227,2600000.0,4000000.0,Stable
1228,2500000.0,1100000.0,Increased
1229,121000000.0,55000000.0,Increased
1230,44250000.0,15000000.0,Increased
1231,6000000.0,9000000.0,Increased
1232,0.0,4000000.0,Decreased
1233,32000000.0,15000000.0,Increased
1234,85000000.0,55000000.0,Increased
1235,0.0,16000000.0,Decreased
1236,0.0,7000000.0,Decreased
1237,6500000.0,7000000.0,Stable
1238,32840000.0,25000000.0,Increased
1239,0.0,3000000.0,Decreased
1240,0.0,2800000.0,Decreased
1241,0.0,4000000.0,Decreased
1242,0.0,8000000.0,Decreased
1243,0.0,10000000.0,Decreased
1244,5000000.0,10000000.0,Decreased
1245,12450000.0,17000000.0,Decreased
1246,0.0,4000000.0,Decreased
1247,0.0,35000000.0,Decreased
1248,27300000.0,23000000.0,Increased
1249,9800000.0,13000000.0,Decreased
1250,0.0,5000000.0,Decreased
1251,0.0,6000000.0,Decreased
1252,0.0,20000000.0,Decreased
1253,38600000.0,30000000.0,Increased
1254,0.0,6000000.0,Decreased
1255,0.0,7000000.0,Decreased
1256,0.0,18000000.0,Decreased
1257,8000000.0,7500000.0,Increased
1258,9000000.0,2400000.0,Increased
1259,19500000.0,8000000.0,Increased
1260,0.0,8000000.0,Decreased
1261,0.0,5000000.0,Decreased
1262,13300000.0,5000000.0,Increased
1263,1600000.0,2500000.0,Stable
1264,0.0,25000000.0,Decreased
1265,0.0,17000000.0,Decreased
1266,18000000.0,17000000.0,Increased
1267,5200000.0,17000000.0,Decreased
1268,0.0,3500000.0,Decreased
1269,14250000.0,18000000.0,Stable
1270,0.0,7500000.0,Decreased
1271,0.0,3500000.0,Decreased
1272,0.0,9000000.0,Decreased
1273,0.0,4000000.0,Decreased
1274,13500000.0,20000000.0,Increased
1275,2000000.0,2500000.0,Decreased
1276,3000000.0,5000000.0,Decreased
1277,0.0,23000000.0,Decreased
1278,0.0,32000000.0,Decreased
1279,32600000.0,40000000.0,Decreased
1280,3000000.0,5000000.0,Decreased
1281,0.0,4000000.0,Decreased
1282,0.0,16000000.0,Decreased
1283,5000000.0,5000000.0,Stable
1284,10000000.0,9000000.0,Stable
1285,14000000.0,18000000.0,Decreased
1286,6500000.0,7500000.0,Decreased
1287,0.0,50000000.0,Decreased
1288,0.0,10000000.0,Decreased
1289,0.0,3000000.0,Decreased
1290,0.0,15000000.0,Decreased
1291,0.0,12000000.0,Decreased
1292,1500000.0,1000000.0,Stable
1293,0.0,4000000.0,Decreased
1294,0.0,9000000.0,Decreased
1295,0.0,1000000.0,Stable
1296,7500000.0,15000000.0,Decreased
1297,2000000.0,3000000.0,Stable
1298,2000000.0,5000000.0,Decreased
1299,7400000.0,18000000.0,Decreased
1300,0.0,14000000.0,Decreased
1301,0.0,15000000.0,Decreased
1302,0.0,1800000.0,Decreased
1303,500000.0,2500000.0,Decreased
1304,0.0,4000000.0,Decreased
1305,0.0,3500000.0,Decreased
1306,0.0,4500000.0,Decreased
1307,0.0,5000000.0,Decreased
1308,28000000.0,42000000.0,Decreased
1309,0.0,7000000.0,Decreased
1310,39870000.0,10000000.0,Increased
1311,0.0,16000000.0,Decreased
1312,0.0,3000000.0,Decreased
1313,0.0,3500000.0,Decreased
1314,22600000.0,15000000.0,Increased
1315,5000000.0,3000000.0,Increased
1316,0.0,6500000.0,Decreased
1317,500000.0,2500000.0,Decreased
1318,790000.0,3000000.0,Decreased
1319,0.0,3400000.0,Decreased
1320,0.0,4000000.0,Decreased
1321,0.0,7500000.0,Decreased
1322,12500000.0,15000000.0,Decreased
1323,5000000.0,13000000.0,Decreased
1324,13000000.0,15000000.0,Decreased
1325,26000000.0,20000000.0,Increased
1326,2000000.0,4500000.0,Decreased
1327,20000000.0,33000000.0,Decreased
1328,0.0,8000000.0,Decreased
1329,3000000.0,3000000.0,Stable
1330,4000000.0,4500000.0,Stable
1331,5000000.0,8000000.0,Decreased
1332,16000000.0,9000000.0,Increased
1333,4250000.0,5000000.0,Increased
1334,4000000.0,2000000.0,Increased
1335,0.0,4300000.0,Decreased
1336,0.0,5000000.0,Decreased
1337,2300000.0,1000000.0,Increased
1338,600000.0,900000.0,Stable
1339,0.0,400000.0,Stable
1340,2000000.0,4500000.0,Decreased
1341,20000000.0,20000000.0,Stable
1342,0.0,40000000.0,Decreased
1343,0.0,70000000.0,Decreased
1344,0.0,8000000.0,Decreased
1345,0.0,10000000.0,Decreased
1346,20000000.0,35000000.0,Decreased
1347,4700000.0,2500000.0,Decreased
1348,0.0,6000000.0,Decreased
1349,0.0,17000000.0,Decreased
1350,0.0,22000000.0,Decreased
1351,0.0,7000000.0,Decreased
1352,52000000.0,48000000.0,Increased
1353,0.0,48000000.0,Decreased
1354,7000000.0,10000000.0,Decreased
1355,52200000.0,50000000.0,Increased
1356,2300000.0,5000000.0,Decreased
1357,0.0,15000000.0,Decreased
1358,0.0,25000000.0,Decreased
1359,8300000.0,12000000.0,Decreased
1360,0.0,50000000.0,Decreased
1361,45600000.0,40000000.0,Increased
1362,0.0,400000.0,Stable
1363,0.0,150000.0,Stable
1364,16640000.0,6000000.0,Increased
1365,15400000.0,20000000.0,Increased
1366,9500000.0,7500000.0,Increased
1367,7000000.0,8000000.0,Stable
1368,18700000.0,15000000.0,Increased
1369,20000000.0,25000000.0,Decreased
1370,0.0,10000000.0,Decreased
1371,2000000.0,3500000.0,Decreased
1372,13300000.0,15000000.0,Decreased
1373,0.0,2000000.0,Decreased
1374,0.0,3500000.0,Decreased
1375,2400000.0,2500000.0,Stable
1376,17000000.0,6000000.0,Increased
1377,850000.0,3000000.0,Decreased
1378,29500000.0,11000000.0,Increased
1379,20000000.0,8000000.0,Increased
1380,0.0,30000000.0,Decreased
1381,0.0,4000000.0,Decreased
1382,10400000.0,7000000.0,Increased
1383,10650000.0,2000000.0,Increased
1384,0.0,5000000.0,Decreased
1385,0.0,3500000.0,Decreased
1386,0.0,5000000.0,Decreased
1387,0.0,8000000.0,Decreased
1388,9400000.0,3500000.0,Increased
1389,10250000.0,3000000.0,Increased
1390,0.0,6000000.0,Decreased
1391,0.0,8000000.0,Decreased
1392,0.0,3500000.0,Decreased
1393,13650000.0,8500000.0,Increased
1394,0.0,2200000.0,Decreased
1395,30000000.0,35000000.0,Decreased
1396,15000000.0,27000000.0,Decreased
1397,1200000.0,3000000.0,Decreased
1398,0.0,4000000.0,Decreased
1399,0.0,10000000.0,Decreased
1400,0.0,4000000.0,Decreased
1401,0.0,6500000.0,Decreased
1402,0.0,7000000.0,Decreased
1403,0.0,12000000.0,Decreased
1404,0.0,2000000.0,Decreased
1405,3000000.0,3000000.0,Stable
1406,15000000.0,18000000.0,Decreased
1407,15400000.0,14000000.0,Increased
1408,3900000.0,5000000.0,Decreased
1409,1500000.0,2500000.0,Decreased
1410,500000.0,6000000.0,Decreased
1411,12000000.0,22000000.0,Decreased
1412,0.0,9000000.0,Decreased
1413,6000000.0,12000000.0,Decreased
1414,6000000.0,11000000.0,Decreased
1415,0.0,2000000.0,Decreased
1416,0.0,8000000.0,Decreased
1417,0.0,4000000.0,Decreased
1418,0.0,4500000.0,Decreased
1419,37000000.0,30000000.0,Increased
1420,35000000.0,12000000.0,Increased
1421,0.0,12000000.0,Decreased
1422,0.0,10000000.0,Decreased
1423,0.0,4000000.0,Decreased
1424,0.0,6000000.0,Decreased
1425,0.0,25000000.0,Decreased
1426,0.0,1000000.0,Decreased
1427,0.0,1500000.0,Decreased
1428,80000000.0,60000000.0,Increased
1429,42950000.0,35000000.0,Increased
1430,1560000.0,4000000.0,Decreased
1431,0.0,7500000.0,Decreased
1432,0.0,4000000.0,Decreased
1433,0.0,2500000.0,Decreased
1434,38000000.0,40000000.0,Increased
1435,0.0,10000000.0,Decreased
1436,0.0,4500000.0,Decreased
1437,0.0,3000000.0,Decreased
1438,0.0,10000000.0,Decreased
1439,0.0,5000000.0,Decreased
1440,0.0,20000000.0,Decreased
1441,0.0,15000000.0,Decreased
1442,0.0,10000000.0,Decreased
1443,20000000.0,18000000.0,Increased
1444,38000000.0,40000000.0,Decreased
1445,0.0,7000000.0,Decreased
1446,0.0,4000000.0,Decreased
1447,4000000.0,5000000.0,Stable
1448,25000000.0,18000000.0,Increased
1449,7000000.0,8000000.0,Decreased
1450,22500000.0,10000000.0,Increased
1451,5000000.0,20000000.0,Decreased
1452,0.0,5000000.0,Decreased
1453,0.0,6000000.0,Decreased
1454,0.0,17000000.0,Decreased
1455,24900000.0,25000000.0,Stable
1456,1500000.0,3000000.0,Decreased
1457,0.0,40000000.0,Decreased
1458,0.0,25000000.0,Decreased
1459,8770000.0,25000000.0,Decreased
1460,0.0,800000.0,Stable
1461,0.0,5000000.0,Decreased
1462,135000.0,175000.0,Stable
1463,0.0,5000000.0,Decreased
1464,0.0,2000000.0,Decreased
1465,0.0,6500000.0,Decreased
1466,0.0,9000000.0,Decreased
1467,4000000.0,3500000.0,Stable
1468,1500000.0,1200000.0,Stable
1469,0.0,5500000.0,Decreased
1470,0.0,7500000.0,Decreased
1471,0.0,1200000.0,Decreased
1472,12000000.0,3000000.0,Increased
1473,0.0,900000.0,Decreased
1474,0.0,1000000.0,Decreased
1475,0.0,1500000.0,Decreased
1476,1500000.0,1200000.0,Stable
1477,300000.0,800000.0,Stable
1478,0.0,5000000.0,Decreased
1479,10000000.0,12000000.0,Decreased
1480,0.0,25000000.0,Decreased
1481,0.0,4000000.0,Decreased
1482,0.0,2000000.0,Decreased
1483,1900000.0,4000000.0,Decreased
1484,0.0,5000000.0,Decreased
1485,0.0,2500000.0,Decreased
1486,1800000.0,8000000.0,Decreased
1487,0.0,10000000.0,Decreased
1488,0.0,12000000.0,Decreased
1489,0.0,18000000.0,Decreased
1490,0.0,25000000.0,Decreased
1491,0.0,4000000.0,Decreased
1492,3500000.0,6000000.0,Decreased
1493,0.0,8000000.0,Decreased
1494,0.0,2500000.0,Decreased
1495,1000000.0,2500000.0,Decreased
1496,0.0,2000000.0,Decreased
1497,0.0,2500000.0,Decreased
1498,750000.0,8000000.0,Decreased
1499,0.0,2000000.0,Decreased
1500,0.0,2500000.0,Decreased
1501,0.0,1500000.0,Decreased
1502,0.0,9000000.0,Decreased
1503,0.0,14000000.0,Decreased
1504,0.0,22000000.0,Decreased
1505,17800000.0,20000000.0,Decreased
1506,0.0,4000000.0,Decreased
1507,0.0,10000000.0,Decreased
1508,18000000.0,50000000.0,Decreased
1509,0.0,5000000.0,Decreased
1510,0.0,14000000.0,Decreased
1511,50000000.0,60000000.0,Decreased
1512,1000000.0,2500000.0,Decreased
1513,4000000.0,10000000.0,Decreased
1514,0.0,25000000.0,Decreased
1515,0.0,12000000.0,Decreased
1516,0.0,15000000.0,Decreased
1517,0.0,8000000.0,Decreased
1518,2000000.0,300000.0,Increased
1519,300000.0,300000.0,Stable
1520,280000.0,450000.0,Stable
1521,0.0,2000000.0,Decreased
1522,0.0,5000000.0,Decreased
1523,0.0,3500000.0,Decreased
1524,0.0,1800000.0,Decreased
1525,0.0,1500000.0,Decreased
1526,0.0,2500000.0,Decreased
1527,800000.0,2000000.0,Decreased
1528,0.0,3500000.0,Decreased
1529,0.0,5000000.0,Decreased
1530,0.0,3000000.0,Decreased
1531,0.0,1000000.0,Decreased
1532,0.0,8000000.0,Decreased
1533,0.0,1500000.0,Decreased
1534,4000000.0,2500000.0,Increased
1535,0.0,4000000.0,Decreased
1536,0.0,5000000.0,Decreased
1537,3150000.0,5500000.0,Decreased
1538,1200000.0,3000000.0,Decreased
1539,0.0,2000000.0,Decreased
1540,0.0,2500000.0,Decreased
1541,0.0,17000000.0,Decreased
1542,0.0,10000000.0,Decreased
1543,0.0,12000000.0,Decreased
1544,0.0,1500000.0,Decreased
1545,0.0,3000000.0,Decreased
1546,0.0,15000000.0,Decreased
1547,0.0,18000000.0,Decreased
1548,0.0,5000000.0,Decreased
1549,0.0,8000000.0,Decreased
1550,0.0,7000000.0,Decreased
1551,3000000.0,7000000.0,Decreased
1552,5000000.0,5000000.0,Stable
1553,1000000.0,1500000.0,Stable
1554,0.0,3000000.0,Decreased
1555,0.0,15000000.0,Decreased
1556,0.0,17000000.0,Decreased
1557,10500000.0,17000000.0,Decreased
1558,0.0,8000000.0,Decreased
1559,0.0,10000000.0,Decreased
1560,0.0,12000000.0,Decreased
1561,300000.0,1500000.0,Decreased
1562,8200000.0,10000000.0,Decreased
1563,0.0,1400000.0,Decreased
1564,0.0,15000000.0,Decreased
1565,0.0,20000000.0,Decreased
1566,0.0,18000000.0,Decreased
1567,0.0,21000000.0,Decreased
1568,0.0,2500000.0,Decreased
1569,0.0,4000000.0,Decreased
1570,2500000.0,4000000.0,Stable
1571,1000000.0,3000000.0,Decreased
1572,44600000.0,65000000.0,Decreased
1573,0.0,3000000.0,Decreased
1574,0.0,5000000.0,Decreased
1575,4200000.0,4500000.0,Stable
1576,19000000.0,15000000.0,Increased
1577,6750000.0,15000000.0,Decreased
1578,15000000.0,30000000.0,Decreased
1579,0.0,2000000.0,Decreased
1580,0.0,1800000.0,Decreased
1581,5230000.0,5000000.0,Stable
1582,1000000.0,3000000.0,Decreased
1583,20000000.0,20000000.0,Stable
1584,6200000.0,6000000.0,Stable
1585,0.0,600000.0,Decreased
1586,8500000.0,12000000.0,Decreased
1587,0.0,19000000.0,Decreased
1588,0.0,13000000.0,Decreased
1589,0.0,4000000.0,Decreased
1590,4000000.0,5000000.0,Stable
1591,0.0,3600000.0,Decreased
1592,0.0,4000000.0,Decreased
1593,0.0,3000000.0,Decreased
1594,0.0,2000000.0,Decreased
1595,15000000.0,10000000.0,Increased
1596,22900000.0,13000000.0,Increased
1597,0.0,1500000.0,Decreased
1598,11000000.0,3500000.0,Increased
1599,1500000.0,2200000.0,Stable
1600,1000000.0,2000000.0,Decreased
1601,0.0,2300000.0,Decreased
1602,0.0,1600000.0,Decreased
1603,0.0,1200000.0,Decreased
1604,0.0,2500000.0,Decreased
1605,1500000.0,5000000.0,Decreased
1606,0.0,35000000.0,Decreased
1607,0.0,1500000.0,Decreased
1608,0.0,3500000.0,Decreased
1609,0.0,1800000.0,Decreased
1610,0.0,15000000.0,Decreased
1611,6000000.0,8000000.0,Decreased
1612,12000000.0,27000000.0,Decreased
1613,0.0,12000000.0,Decreased
1614,0.0,30000000.0,Decreased
1615,20500000.0,20000000.0,Stable
1616,5000000.0,5500000.0,Stable
1617,1500000.0,1500000.0,Stable
1618,0.0,1800000.0,Decreased
1619,0.0,5000000.0,Decreased
1620,12000000.0,20000000.0,Decreased
1621,400000.0,4500000.0,Decreased
1622,5000000.0,7500000.0,Stable
1623,3200000.0,15000000.0,Decreased
1624,60000000.0,150000000.0,Decreased
1625,2000000.0,2000000.0,Stable
1626,1500000.0,2000000.0,Stable
1627,0.0,25000000.0,Decreased
1628,0.0,12000000.0,Decreased
1629,0.0,7000000.0,Decreased
1630,0.0,4000000.0,Decreased
1631,0.0,20000000.0,Decreased
1632,0.0,2500000.0,Decreased
1633,0.0,40000000.0,Decreased
1634,0.0,15000000.0,Decreased
1635,3750000.0,2500000.0,Stable
1636,0.0,48000000.0,Decreased
1637,0.0,12000000.0,Decreased
1638,0.0,25000000.0,Decreased
1639,12000000.0,16000000.0,Decreased
1640,56200000.0,70000000.0,Decreased
1641,2600000.0,6000000.0,Decreased
1642,24000000.0,30000000.0,Increased
1643,0.0,12000000.0,Decreased
1644,15000000.0,12000000.0,Increased
1645,0.0,22000000.0,Decreased
1646,0.0,50000000.0,Decreased
1647,0.0,70000000.0,Decreased
1648,0.0,35000000.0,Decreased
1649,35000000.0,25000000.0,Increased
1650,11800000.0,18000000.0,Decreased
1651,17800000.0,10000000.0,Increased
1652,500000.0,7000000.0,Decreased
1653,0.0,10000000.0,Decreased
1654,0.0,25000000.0,Decreased
1655,5000000.0,3000000.0,Increased
1656,0.0,7000000.0,Decreased
1657,0.0,8000000.0,Decreased
1658,0.0,50000.0,Decreased
1659,0.0,18000000.0,Decreased
1660,0.0,25000000.0,Decreased
1661,9350000.0,10000000.0,Stable
1662,14800000.0,14000000.0,Stable
1663,80400000.0,40000000.0,Increased
1664,0.0,18000000.0,Decreased
1665,0.0,15000000.0,Decreased
1666,17000000.0,18000000.0,Stable
1667,22260000.0,2000000.0,Increased
1668,18000000.0,6000000.0,Increased
1669,11600000.0,11000000.0,Stable
1670,0.0,2000000.0,Decreased
1671,2850000.0,2000000.0,Stable
1672,5000000.0,5000000.0,Stable
1673,0.0,7000000.0,Decreased
1674,0.0,4000000.0,Decreased
1675,2500000.0,2000000.0,Stable
1676,3700000.0,3000000.0,Stable
1677,4000000.0,3500000.0,Stable
1678,0.0,2000000.0,Stable
1679,0.0,1800000.0,Stable
1680,0.0,900000.0,Stable
1681,1000000.0,4500000.0,Decreased
1682,2000000.0,2000000.0,Stable
1683,0.0,250000.0,Stable
1684,7100000.0,10000000.0,Decreased
1685,3400000.0,3000000.0,Stable
1686,50000.0,250000.0,Stable
1687,100000.0,800000.0,Stable
1688,0.0,4000000.0,Decreased
1689,0.0,5000000.0,Decreased
1690,0.0,600000.0,Stable
1691,0.0,3000000.0,Stable
1692,0.0,2500000.0,Decreased
1693,4500000.0,4000000.0,Stable
1694,2700000.0,1800000.0,Stable
1695,10000000.0,1500000.0,Increased
1696,300000.0,100000.0,Stable
1697,0.0,100000.0,Stable
1698,6500000.0,800000.0,Increased
1699,0.0,,Stable
1700,0.0,,Decreased
1701,1500000.0,3500000.0,Decreased
1702,2750000.0,1000000.0,Increased
1703,0.0,18000000.0,Decreased
1704,0.0,10000000.0,Decreased
1705,3000000.0,400000.0,Increased
1706,40000000.0,40000000.0,Increased
1707,0.0,1000000.0,Decreased
1708,0.0,15000000.0,Decreased
1709,0.0,18000000.0,Decreased
1710,0.0,23000000.0,Decreased
1711,65000000.0,50000000.0,Increased
1712,0.0,50000000.0,Decreased
1713,6500000.0,3500000.0,Increased
1714,0.0,2200000.0,Decreased
1715,0.0,20000000.0,Decreased
1716,0.0,27000000.0,Decreased
1717,5400000.0,2700000.0,Increased
1718,0.0,4000000.0,Decreased
1719,34800000.0,38000000.0,Decreased
1720,0.0,25000000.0,Decreased
1721,0.0,8000000.0,Decreased
1722,0.0,9000000.0,Decreased
1723,75000000.0,55000000.0,Increased
1724,20800000.0,25000000.0,Decreased
1725,25600000.0,22000000.0,Decreased
1726,0.0,13000000.0,Decreased
1727,0.0,25000000.0,Decreased
1728,0.0,15000000.0,Decreased
1729,0.0,22000000.0,Decreased
1730,30000000.0,50000000.0,Decreased
1731,25000000.0,25000000.0,Increased
1732,40000000.0,40000000.0,Increased
1733,0.0,9000000.0,Decreased
1734,0.0,10000000.0,Decreased
1735,116000000.0,75000000.0,Increased
1736,0.0,15000000.0,Decreased
1737,0.0,12000000.0,Decreased
1738,0.0,8000000.0,Decreased
1739,0.0,10000000.0,Decreased
1740,0.0,6500000.0,Decreased
1741,20500000.0,14000000.0,Increased
1742,12000000.0,9000000.0,Increased
1743,43000000.0,40000000.0,Increased
1744,0.0,40000000.0,Decreased
1745,4000000.0,40000000.0,Decreased
1746,3000000.0,2500000.0,Increased
1747,15500000.0,20000000.0,Decreased
1748,12000000.0,8000000.0,Increased
1749,6000000.0,4500000.0,Increased
1750,0.0,6000000.0,Decreased
1751,0.0,7500000.0,Decreased
1752,7000000.0,7500000.0,Stable
1753,5370000.0,6000000.0,Stable
1754,0.0,8000000.0,Decreased
1755,0.0,30000000.0,Decreased
1756,0.0,40000000.0,Decreased
1757,1000000.0,3500000.0,Decreased
1758,0.0,1300000.0,Decreased
1759,0.0,1600000.0,Decreased
1760,2500000.0,12000000.0,Decreased
1761,5000000.0,14000000.0,Decreased
1762,0.0,6000000.0,Decreased
1763,0.0,12000000.0,Decreased
1764,0.0,2500000.0,Decreased
1765,0.0,4000000.0,Decreased
1766,500000.0,8000000.0,Decreased
1767,20000000.0,15000000.0,Increased
1768,4500000.0,3000000.0,Increased
1769,0.0,2000000.0,Decreased
1770,3380000.0,3500000.0,Decreased
1771,0.0,3000000.0,Decreased
1772,0.0,2000000.0,Decreased
1773,0.0,34000000.0,Decreased
1774,0.0,22000000.0,Decreased
1775,0.0,2300000.0,Decreased
1776,0.0,6000000.0,Decreased
1777,0.0,8000000.0,Decreased
1778,0.0,7000000.0,Decreased
1779,16500000.0,19000000.0,Increased
1780,0.0,6000000.0,Decreased
1781,0.0,5000000.0,Decreased
1782,0.0,12000000.0,Decreased
1783,0.0,5000000.0,Decreased
1784,8500000.0,9000000.0,Increased
1785,10000000.0,10000000.0,Stable
1786,6000000.0,7000000.0,Decreased
1787,0.0,22000000.0,Decreased
1788,0.0,15000000.0,Decreased
1789,0.0,4000000.0,Decreased
1790,0.0,3000000.0,Decreased
1791,14400000.0,25000000.0,Stable
1792,10000000.0,15000000.0,Stable
1793,3000000.0,2700000.0,Stable
1794,0.0,7500000.0,Stable
1795,0.0,900000.0,Stable
1796,4000000.0,1500000.0,Increased
1797,3000000.0,2000000.0,Stable
1798,2250000.0,4000000.0,Decreased
1799,1800000.0,1000000.0,Stable
1800,5050000.0,5000000.0,Stable
1801,10000000.0,4000000.0,Increased
1802,4500000.0,3000000.0,Increased
1803,21700000.0,12000000.0,Increased
1804,13650000.0,11000000.0,Increased
1805,14000000.0,15000000.0,Increased
1806,0.0,1000000.0,Stable
1807,1500000.0,3500000.0,Decreased
1808,3500000.0,3500000.0,Stable
1809,2500000.0,4000000.0,Decreased
1810,8000000.0,14000000.0,Decreased
1811,15000000.0,25000000.0,Decreased
1812,8000000.0,16000000.0,Decreased
1813,0.0,1500000.0,Decreased
1814,0.0,2000000.0,Decreased
1815,10000000.0,12000000.0,Decreased
1816,5200000.0,5000000.0,Stable
1817,0.0,1800000.0,Decreased
1818,0.0,2000000.0,Decreased
1819,10800000.0,14000000.0,Decreased
1820,7000000.0,10000000.0,Stable
1821,7500000.0,8000000.0,Stable
1822,1500000.0,8000000.0,Decreased
1823,6000000.0,8000000.0,Decreased
1824,0.0,1500000.0,Decreased
1825,0.0,3000000.0,Decreased
1826,0.0,7500000.0,Decreased
1827,33000000.0,45000000.0,Decreased
1828,0.0,25000000.0,Decreased
1829,0.0,35000000.0,Decreased
1830,21200000.0,18000000.0,Stable
1831,5000000.0,10000000.0,Decreased
1832,0.0,3000000.0,Decreased
1833,0.0,4500000.0,Decreased
1834,0.0,3000000.0,Decreased
1835,0.0,25000000.0,Decreased
1836,0.0,2000000.0,Decreased
1837,0.0,2500000.0,Decreased
1838,0.0,600000.0,Stable
1839,17300000.0,8000000.0,Increased
1840,13900000.0,20000000.0,Decreased
1841,23300000.0,18000000.0,Increased
1842,4700000.0,3200000.0,Increased
1843,7800000.0,5000000.0,Increased
1844,0.0,10000000.0,Decreased
1845,0.0,7000000.0,Decreased
1846,2900000.0,6000000.0,Decreased
1847,0.0,9000000.0,Decreased
1848,9400000.0,2800000.0,Increased
1849,1200000.0,1800000.0,Stable
1850,600000.0,1200000.0,Stable
1851,17000000.0,18000000.0,Increased
1852,600000.0,,Decreased
1853,0.0,,Decreased
1854,16450000.0,5000000.0,Increased
1855,0.0,12000000.0,Stable
1856,0.0,3000000.0,Decreased
1857,0.0,2500000.0,Decreased
1858,23000000.0,20000000.0,Increased
1859,4000000.0,8000000.0,Decreased
1860,0.0,6000000.0,Decreased
1861,4500000.0,7000000.0,Decreased
1862,15000000.0,20000000.0,Decreased
1863,40000000.0,35000000.0,Increased
1864,0.0,13000000.0,Decreased
1865,0.0,5000000.0,Decreased
1866,0.0,6000000.0,Decreased
1867,15000000.0,10000000.0,Increased
1868,0.0,14000000.0,Decreased
1869,0.0,15000000.0,Decreased
1870,30000000.0,30000000.0,Increased
1871,22500000.0,20000000.0,Increased
1872,0.0,3000000.0,Decreased
1873,0.0,3500000.0,Decreased
1874,0.0,4000000.0,Decreased
1875,0.0,3700000.0,Decreased
1876,4040000.0,6000000.0,Stable
1877,0.0,7000000.0,Decreased
1878,0.0,10000000.0,Decreased
1879,0.0,5000000.0,Decreased
1880,0.0,6000000.0,Decreased
1881,500000.0,2500000.0,Decreased
1882,0.0,500000.0,Stable
1883,0.0,600000.0,Stable
1884,0.0,5000000.0,Decreased
1885,4000000.0,3000000.0,Increased
1886,7750000.0,15000000.0,Decreased
1887,1900000.0,4300000.0,Decreased
1888,15000000.0,15000000.0,Increased
1889,0.0,3000000.0,Decreased
1890,0.0,5000000.0,Decreased
1891,0.0,3000000.0,Decreased
1892,14000000.0,7000000.0,Increased
1893,5500000.0,7000000.0,Increased
1894,17250000.0,13000000.0,Increased
1895,2000000.0,4000000.0,Stable
1896,0.0,25000000.0,Decreased
1897,0.0,50000000.0,Decreased
1898,0.0,1000000.0,Decreased
1899,0.0,2000000.0,Decreased
1900,0.0,2500000.0,Decreased
1901,0.0,2500000.0,Decreased
1902,0.0,3000000.0,Decreased
1903,0.0,1200000.0,Decreased
1904,0.0,1700000.0,Decreased
1905,0.0,5000000.0,Decreased
1906,0.0,4500000.0,Decreased
1907,2500000.0,2500000.0,Stable
1908,0.0,8000000.0,Decreased
1909,0.0,12000000.0,Decreased
1910,6500000.0,8000000.0,Decreased
1911,0.0,8000000.0,Decreased
1912,0.0,9000000.0,Decreased
1913,0.0,5000000.0,Decreased
1914,0.0,7000000.0,Decreased
1915,7000000.0,15000000.0,Decreased
1916,3500000.0,15000000.0,Decreased
1917,30000000.0,15000000.0,Increased
1918,70000000.0,50000000.0,Increased
1919,0.0,9000000.0,Decreased
1920,0.0,3000000.0,Decreased
1921,113000000.0,120000000.0,Decreased
1922,0.0,3000000.0,Decreased
1923,0.0,1800000.0,Decreased
1924,0.0,400000.0,Stable
1925,2000000.0,1200000.0,Increased
1926,0.0,3500000.0,Decreased
1927,1100000.0,1500000.0,Stable
1928,0.0,1500000.0,Stable
1929,2000000.0,2200000.0,Stable
1930,0.0,1200000.0,Decreased
1931,12600000.0,12000000.0,Increased
1932,0.0,2000000.0,Decreased
1933,10000000.0,4000000.0,Increased
1934,0.0,800000.0,Stable
1935,0.0,900000.0,Stable
1936,400000.0,1000000.0,Stable
1937,7500000.0,5000000.0,Increased
1938,2000000.0,5000000.0,Stable
1939,4000000.0,2500000.0,Increased
1940,0.0,15000000.0,Decreased
1941,0.0,8000000.0,Decreased
1942,16000000.0,10000000.0,Increased
1943,0.0,1000000.0,Decreased
1944,0.0,1200000.0,Decreased
1945,0.0,4000000.0,Stable
1946,4000000.0,3000000.0,Increased
1947,3000000.0,3000000.0,Stable
1948,2000000.0,600000.0,Increased
1949,10000000.0,4000000.0,Increased
1950,9000000.0,7000000.0,Decreased
1951,0.0,6000000.0,Decreased
1952,6000000.0,6000000.0,Increased
1953,10000000.0,5500000.0,Increased
1954,0.0,15000000.0,Decreased
1955,0.0,13000000.0,Decreased
1956,15000000.0,13000000.0,Increased
1957,20000000.0,15000000.0,Increased
1958,7000000.0,5000000.0,Increased
1959,12000000.0,3500000.0,Increased
1960,0.0,5000000.0,Decreased
1961,0.0,4500000.0,Decreased
1962,250000.0,9000000.0,Decreased
1963,1000000.0,700000.0,Stable
1964,6500000.0,1000000.0,Increased
1965,0.0,500000.0,Stable
1966,1800000.0,1500000.0,Stable
1967,0.0,2000000.0,Decreased
1968,0.0,200000.0,Decreased
1969,0.0,,Decreased
1970,0.0,4000000.0,Decreased
1971,0.0,2000000.0,Decreased
1972,0.0,1500000.0,Decreased
1973,21100000.0,10000000.0,Increased
1974,2500000.0,1500000.0,Stable
1975,10150000.0,3500000.0,Increased
1976,4750000.0,4000000.0,Stable
1977,2500000.0,2500000.0,Stable
1978,2290000.0,800000.0,Increased
1979,7300000.0,8000000.0,Decreased
1980,0.0,600000.0,Stable
1981,0.0,1700000.0,Decreased
1982,1250000.0,2000000.0,Stable
1983,6000000.0,3500000.0,Increased
1984,6000000.0,8000000.0,Decreased
1985,0.0,1800000.0,Decreased
1986,0.0,1600000.0,Decreased
1987,500000.0,300000.0,Stable
1988,13000000.0,8000000.0,Increased
1989,3400000.0,5000000.0,Decreased
1990,0.0,5000000.0,Decreased
1991,0.0,6000000.0,Decreased
1992,22000000.0,25000000.0,Decreased
1993,0.0,6000000.0,Decreased
1994,0.0,8000000.0,Decreased
1995,0.0,12000000.0,Decreased
1996,0.0,3000000.0,Decreased
1997,0.0,100000.0,Decreased
1998,0.0,50000.0,Decreased
1999,0.0,10000000.0,Decreased
2000,0.0,600000.0,Decreased
2001,0.0,6000000.0,Decreased
2002,0.0,2000000.0,Decreased
2003,0.0,3000000.0,Decreased
2004,0.0,2000000.0,Decreased
2005,0.0,2500000.0,Decreased
2006,0.0,3500000.0,Decreased
2007,0.0,1200000.0,Decreased
2008,0.0,2000000.0,Decreased
2009,0.0,6000000.0,Decreased
2010,0.0,1500000.0,Decreased
2011,0.0,3000000.0,Decreased
2012,1000000.0,2000000.0,Stable
2013,0.0,2200000.0,Decreased
2014,0.0,3000000.0,Decreased
2015,2500000.0,2000000.0,Stable
2016,0.0,3500000.0,Decreased
2017,0.0,1000000.0,Decreased
2018,0.0,1200000.0,Decreased
2019,50000000.0,60000000.0,Decreased
2020,1500000.0,9000000.0,Decreased
2021,0.0,4000000.0,Decreased
2022,0.0,3500000.0,Decreased
2023,0.0,3500000.0,Decreased
2024,0.0,2500000.0,Decreased
2025,0.0,7000000.0,Decreased
2026,2000000.0,3000000.0,Stable
2027,4000000.0,4000000.0,Stable
2028,5000000.0,5000000.0,Stable
2029,0.0,2500000.0,Decreased
2030,1800000.0,2800000.0,Stable
2031,21100000.0,25000000.0,Decreased
2032,0.0,2500000.0,Decreased
2033,0.0,2200000.0,Decreased
2034,0.0,3000000.0,Decreased
2035,1800000.0,2500000.0,Stable
2036,0.0,5000000.0,Decreased
2037,0.0,3000000.0,Decreased
2038,3500000.0,5000000.0,Decreased
2039,5000000.0,5000000.0,Stable
2040,0.0,2800000.0,Decreased
2041,29100000.0,12000000.0,Increased
2042,2500000.0,800000.0,Increased
2043,0.0,3000000.0,Decreased
2044,7500000.0,15000000.0,Decreased
2045,37000000.0,30000000.0,Increased
2046,220000.0,400000.0,Stable
2047,1000000.0,2000000.0,Stable
2048,0.0,10000000.0,Decreased
2049,8000000.0,8000000.0,Stable
2050,4000000.0,5000000.0,Increased
2051,1000000.0,3000000.0,Decreased
2052,13000000.0,15000000.0,Decreased
2053,600000.0,700000.0,Stable
2054,500000.0,1500000.0,Stable
2055,3000000.0,3000000.0,Stable
2056,0.0,1500000.0,Decreased
2057,0.0,1500000.0,Decreased
2058,0.0,2000000.0,Decreased
2059,1500000.0,1500000.0,Stable
2060,4000000.0,4000000.0,Stable
2061,3400000.0,5000000.0,Decreased
2062,7300000.0,8000000.0,Stable
2063,0.0,2000000.0,Decreased
2064,0.0,3800000.0,Decreased
2065,0.0,10000000.0,Decreased
2066,10000000.0,10000000.0,Stable
2067,0.0,1500000.0,Decreased
2068,6200000.0,5000000.0,Increased
2069,3100000.0,3400000.0,Stable
2070,0.0,3500000.0,Decreased
2071,0.0,2000000.0,Decreased
2072,2000000.0,2000000.0,Stable
2073,0.0,2800000.0,Decreased
2074,0.0,3000000.0,Decreased
2075,1700000.0,4000000.0,Decreased
2076,0.0,,Decreased
2077,0.0,100000.0,Decreased
2078,3000000.0,4000000.0,Decreased
2079,0.0,1500000.0,Decreased
2080,0.0,6500000.0,Decreased
2081,2500000.0,3000000.0,Stable
2082,12000000.0,15000000.0,Decreased
2083,2000000.0,2000000.0,Stable
2084,10600000.0,17000000.0,Decreased
2085,0.0,2700000.0,Decreased
2086,2500000.0,6500000.0,Decreased
2087,0.0,4500000.0,Decreased
2088,5000000.0,4500000.0,Stable
2089,0.0,2800000.0,Decreased
2090,0.0,3500000.0,Decreased
2091,0.0,2500000.0,Decreased
2092,0.0,7000000.0,Decreased
2093,0.0,6000000.0,Decreased
2094,0.0,4500000.0,Decreased
2095,18000000.0,6000000.0,Increased
2096,0.0,5000000.0,Decreased
2097,0.0,6000000.0,Decreased
2098,30000000.0,18000000.0,Increased
2099,0.0,12000000.0,Decreased
2100,0.0,15000000.0,Decreased
2101,0.0,35000000.0,Decreased
2102,0.0,25000000.0,Decreased
2103,58900000.0,50000000.0,Increased
2104,27000000.0,35000000.0,Decreased
2105,700000.0,2700000.0,Decreased
2106,0.0,4000000.0,Decreased
2107,0.0,3500000.0,Decreased
2108,1500000.0,3000000.0,Decreased
2109,0.0,3000000.0,Decreased
2110,0.0,4500000.0,Decreased
2111,0.0,8000000.0,Decreased
2112,0.0,10000000.0,Decreased
2113,3880000.0,2000000.0,Increased
2114,0.0,2000000.0,Decreased
2115,0.0,1800000.0,Decreased
2116,0.0,12000000.0,Decreased
2117,0.0,4000000.0,Decreased
2118,0.0,18000000.0,Decreased
2119,0.0,4500000.0,Decreased
2120,0.0,3000000.0,Decreased
2121,15700000.0,12000000.0,Increased
2122,0.0,2700000.0,Decreased
2123,9100000.0,12000000.0,Decreased
2124,7500000.0,3000000.0,Increased
2125,3000000.0,1800000.0,Increased
2126,7500000.0,3000000.0,Increased
2127,2000000.0,1000000.0,Stable
2128,0.0,1500000.0,Decreased
2129,0.0,600000.0,Stable
2130,0.0,5000000.0,Decreased
2131,17000000.0,8000000.0,Increased
2132,15000000.0,20000000.0,Decreased
2133,100000.0,7000000.0,Decreased
2134,95000000.0,90000000.0,Increased
2135,0.0,10000000.0,Decreased
2136,18900000.0,25000000.0,Decreased
2137,13000000.0,25000000.0,Decreased
2138,0.0,20000000.0,Decreased
2139,0.0,8000000.0,Decreased
2140,0.0,20000000.0,Decreased
2141,0.0,22000000.0,Decreased
2142,0.0,20000000.0,Decreased
2143,0.0,22000000.0,Decreased
2144,46300000.0,60000000.0,Decreased
2145,0.0,50000.0,Decreased
2146,860000.0,1000000.0,Stable
2147,20000000.0,18000000.0,Increased
2148,0.0,25000000.0,Decreased
2149,0.0,10000000.0,Decreased
2150,116600000.0,90000000.0,Increased
2151,8000000.0,17000000.0,Decreased
2152,0.0,15000000.0,Decreased
2153,0.0,12000000.0,Decreased
2154,0.0,25000000.0,Decreased
2155,44000000.0,35000000.0,Increased
2156,0.0,30000000.0,Decreased
2157,0.0,50000000.0,Decreased
2158,26850000.0,22000000.0,Increased
2159,0.0,8000000.0,Decreased
2160,14000000.0,5000000.0,Increased
2161,0.0,6000000.0,Decreased
2162,0.0,10000000.0,Decreased
2163,0.0,12000000.0,Decreased
2164,0.0,17000000.0,Decreased
2165,0.0,22000000.0,Decreased
2166,0.0,4000000.0,Decreased
2167,0.0,6000000.0,Decreased
2168,42000000.0,65000000.0,Decreased
2169,15000000.0,18000000.0,Decreased
2170,17500000.0,18000000.0,Stable
2171,0.0,6000000.0,Decreased
2172,11000000.0,5000000.0,Increased
2173,0.0,6000000.0,Decreased
2174,0.0,9000000.0,Decreased
2175,800000.0,600000.0,Stable
2176,3900000.0,2200000.0,Increased
2177,2400000.0,500000.0,Increased
2178,0.0,3000000.0,Decreased
2179,0.0,500000.0,Stable
2180,0.0,700000.0,Stable
2181,0.0,2500000.0,Decreased
2182,3000000.0,6000000.0,Decreased
2183,0.0,2500000.0,Decreased
2184,20000000.0,6500000.0,Increased
2185,0.0,8000000.0,Decreased
2186,0.0,12000000.0,Decreased
2187,950000.0,900000.0,Stable
2188,3000000.0,12000000.0,Decreased
2189,7180000.0,10000000.0,Decreased
2190,10000000.0,22000000.0,Decreased
2191,0.0,28000000.0,Decreased
2192,0.0,3000000.0,Decreased
2193,0.0,5500000.0,Decreased
2194,9000000.0,14000000.0,Decreased
2195,0.0,1500000.0,Decreased
2196,45000000.0,45000000.0,Stable
2197,0.0,3000000.0,Decreased
2198,0.0,1200000.0,Decreased
2199,0.0,13000000.0,Decreased
2200,0.0,8000000.0,Decreased
2201,0.0,3000000.0,Decreased
2202,0.0,1000000.0,Decreased
2203,0.0,2000000.0,Decreased
2204,25500000.0,24000000.0,Increased
2205,11000000.0,15000000.0,Decreased
2206,60000000.0,80000000.0,Decreased
2207,31400000.0,40000000.0,Decreased
2208,2800000.0,9000000.0,Decreased
2209,0.0,27000000.0,Decreased
2210,55000000.0,50000000.0,Increased
2211,5000000.0,7000000.0,Decreased
2212,0.0,6000000.0,Decreased
2213,0.0,3000000.0,Decreased
2214,20000000.0,15000000.0,Increased
2215,5000000.0,8000000.0,Decreased
2216,0.0,6000000.0,Decreased
2217,0.0,2500000.0,Decreased
2218,6500000.0,10000000.0,Decreased
2219,0.0,12000000.0,Decreased
2220,0.0,5000000.0,Decreased
2221,0.0,4000000.0,Decreased
2222,0.0,3000000.0,Decreased
2223,0.0,3500000.0,Decreased
2224,8000000.0,7000000.0,Stable
2225,0.0,12000000.0,Stable
2226,0.0,1000000.0,Stable
2227,1000000.0,3000000.0,Decreased
2228,0.0,4500000.0,Decreased
2229,0.0,4000000.0,Decreased
2230,11150000.0,18000000.0,Decreased
2231,38000000.0,35000000.0,Increased
2232,7980000.0,4500000.0,Increased
2233,3000000.0,900000.0,Increased
2234,22500000.0,15000000.0,Increased
2235,0.0,11000000.0,Decreased
2236,0.0,13000000.0,Decreased
2237,3200000.0,2500000.0,Stable
2238,1000000.0,3000000.0,Decreased
2239,0.0,12000000.0,Decreased
2240,0.0,5000000.0,Decreased
2241,0.0,4000000.0,Stable
2242,0.0,1000000.0,Stable
2243,5000000.0,6500000.0,Decreased
2244,1000000.0,600000.0,Stable
2245,1200000.0,800000.0,Stable
2246,13400000.0,7500000.0,Increased
2247,15000000.0,6000000.0,Increased
2248,5000000.0,700000.0,Increased
2249,0.0,18000000.0,Decreased
2250,0.0,6000000.0,Decreased
2251,25000000.0,6000000.0,Increased
2252,0.0,4500000.0,Decreased
2253,0.0,4000000.0,Decreased
2254,0.0,1500000.0,Decreased
2255,0.0,8000000.0,Decreased
2256,0.0,6000000.0,Decreased
2257,3500000.0,7000000.0,Decreased
2258,7700000.0,10000000.0,Decreased
2259,0.0,10000000.0,Decreased
2260,0.0,15000000.0,Decreased
2261,10000000.0,15000000.0,Decreased
2262,8000000.0,10000000.0,Decreased
2263,7200000.0,9000000.0,Decreased
2264,0.0,20000000.0,Decreased
2265,0.0,10000000.0,Decreased
2266,15500000.0,10000000.0,Increased
2267,0.0,2000000.0,Decreased
2268,11000000.0,14000000.0,Decreased
2269,5000000.0,12000000.0,Decreased
2270,1200000.0,1500000.0,Stable
2271,45000000.0,30000000.0,Increased
2272,5750000.0,6000000.0,Stable
2273,12000000.0,6000000.0,Increased
2274,0.0,5000000.0,Decreased
2275,0.0,6000000.0,Decreased
2276,0.0,15000000.0,Decreased
2277,0.0,18000000.0,Decreased
2278,10000000.0,10000000.0,Increased
2279,30000000.0,25000000.0,Increased
2280,6500000.0,4000000.0,Increased
2281,0.0,10000000.0,Decreased
2282,0.0,7000000.0,Decreased
2283,0.0,5000000.0,Decreased
2284,0.0,2500000.0,Decreased
2285,0.0,10000000.0,Decreased
2286,12000000.0,6000000.0,Increased
2287,0.0,1000000.0,Stable
2288,0.0,1200000.0,Stable
2289,0.0,4000000.0,Stable
2290,0.0,4000000.0,Decreased
2291,4600000.0,3500000.0,Increased
2292,9000000.0,9000000.0,Stable
2293,0.0,1500000.0,Decreased
2294,2200000.0,2700000.0,Stable
2295,1000000.0,2500000.0,Stable
2296,0.0,1000000.0,Stable
2297,1500000.0,1700000.0,Stable
2298,0.0,1700000.0,Decreased
2299,0.0,1200000.0,Decreased
2300,0.0,3000000.0,Decreased
2301,0.0,2000000.0,Decreased
2302,4500000.0,4000000.0,Stable
2303,2000000.0,300000.0,Increased
2304,0.0,300000.0,Stable
2305,6000000.0,5000000.0,Stable
2306,0.0,7500000.0,Stable
2307,0.0,500000.0,Stable
2308,0.0,3000000.0,Decreased
2309,0.0,3000000.0,Stable
2310,0.0,1000000.0,Stable
2311,3000000.0,1000000.0,Increased
2312,1200000.0,2500000.0,Decreased
2313,0.0,1800000.0,Decreased
2314,0.0,2000000.0,Decreased
2315,2000000.0,1700000.0,Increased
2316,690000.0,1700000.0,Stable
2317,0.0,1700000.0,Stable
2318,9150000.0,13000000.0,Increased
2319,13200000.0,7000000.0,Increased
2320,4500000.0,4500000.0,Increased
2321,450000.0,400000.0,Stable
2322,0.0,3000000.0,Decreased
2323,0.0,6000000.0,Decreased
2324,0.0,3500000.0,Decreased
2325,0.0,125000.0,Decreased
2326,0.0,75000.0,Decreased
2327,1000000.0,3500000.0,Decreased
2328,0.0,450000.0,Stable
2329,0.0,,Stable
2330,2500000.0,1500000.0,Increased
2331,200000.0,500000.0,Stable
2332,5300000.0,600000.0,Increased
2333,40000000.0,12000000.0,Increased
2334,11750000.0,8000000.0,Increased
2335,17850000.0,9000000.0,Increased
2336,5000000.0,4500000.0,Stable
2337,23500000.0,7000000.0,Increased
2338,41250000.0,18000000.0,Increased
2339,0.0,2500000.0,Decreased
2340,0.0,4000000.0,Decreased
2341,0.0,36000000.0,Decreased
2342,0.0,22000000.0,Decreased
2343,10240000.0,22000000.0,Decreased
2344,7000000.0,12000000.0,Increased
2345,37000000.0,35000000.0,Increased
2346,2000000.0,4500000.0,Decreased
2347,3000000.0,3000000.0,Stable
2348,0.0,1000000.0,Decreased
2349,30000000.0,30000000.0,Stable
2350,0.0,22000000.0,Decreased
2351,0.0,18000000.0,Decreased
2352,0.0,4000000.0,Decreased
2353,0.0,6000000.0,Decreased
2354,0.0,4500000.0,Decreased
2355,0.0,6000000.0,Decreased
2356,35000000.0,35000000.0,Increased
2357,0.0,15000000.0,Decreased
2358,42500000.0,50000000.0,Increased
2359,22700000.0,34000000.0,Decreased
2360,15900000.0,10000000.0,Increased
2361,8000000.0,12000000.0,Decreased
2362,8000000.0,12000000.0,Stable
2363,14000000.0,13000000.0,Increased
2364,13250000.0,22000000.0,Decreased
2365,8450000.0,8000000.0,Increased
2366,0.0,10000000.0,Decreased
2367,10000000.0,7000000.0,Increased
2368,0.0,7000000.0,Decreased
2369,3000000.0,3000000.0,Stable
2370,15200000.0,10000000.0,Increased
2371,5900000.0,8000000.0,Decreased
2372,0.0,7500000.0,Decreased
2373,0.0,10000000.0,Decreased
2374,0.0,10000000.0,Decreased
2375,0.0,12000000.0,Decreased
2376,16500000.0,18000000.0,Decreased
2377,51000000.0,55000000.0,Decreased
2378,64300000.0,40000000.0,Increased
2379,29700000.0,30000000.0,Stable
2380,0.0,13000000.0,Decreased
2381,0.0,3000000.0,Decreased
2382,0.0,9000000.0,Decreased
2383,0.0,15000000.0,Decreased
2384,0.0,16000000.0,Decreased
2385,0.0,18000000.0,Decreased
2386,0.0,20000000.0,Decreased
2387,51500000.0,70000000.0,Decreased
2388,60000000.0,55000000.0,Increased
2389,42000000.0,50000000.0,Decreased
2390,17600000.0,13000000.0,Increased
2391,16650000.0,13000000.0,Increased
2392,0.0,400000.0,Decreased
2393,0.0,32000000.0,Decreased
2394,0.0,40000000.0,Decreased
2395,0.0,22000000.0,Decreased
2396,0.0,18000000.0,Decreased
2397,0.0,2500000.0,Decreased
2398,0.0,2200000.0,Decreased
2399,0.0,8500000.0,Decreased
2400,0.0,6000000.0,Decreased
2401,10000000.0,18000000.0,Decreased
2402,7000000.0,12000000.0,Decreased
2403,20000000.0,32000000.0,Decreased
2404,8000000.0,8500000.0,Stable
2405,35000000.0,16000000.0,Increased
2406,0.0,800000.0,Stable
2407,0.0,25000000.0,Decreased
2408,0.0,4000000.0,Decreased
2409,0.0,9000000.0,Decreased
2410,3500000.0,5000000.0,Decreased
2411,20600000.0,35000000.0,Decreased
2412,0.0,10000000.0,Decreased
2413,0.0,12000000.0,Decreased
2414,0.0,6000000.0,Decreased
2415,0.0,30000000.0,Decreased
2416,0.0,7000000.0,Decreased
2417,0.0,8000000.0,Decreased
2418,0.0,7000000.0,Decreased
2419,0.0,6000000.0,Decreased
2420,26000000.0,25000000.0,Decreased
2421,27000000.0,35000000.0,Decreased
2422,4000000.0,5000000.0,Stable
2423,0.0,2500000.0,Decreased
2424,0.0,3500000.0,Decreased
2425,20000000.0,10000000.0,Increased
2426,4500000.0,2000000.0,Increased
2427,18500000.0,20000000.0,Increased
2428,13000000.0,15000000.0,Increased
2429,50000000.0,30000000.0,Increased
2430,15000000.0,10000000.0,Increased
2431,0.0,2500000.0,Decreased
2432,0.0,1500000.0,Decreased
2433,3000000.0,1500000.0,Increased
2434,0.0,2500000.0,Stable
2435,0.0,300000.0,Stable
2436,6500000.0,4000000.0,Increased
2437,0.0,1300000.0,Stable
2438,0.0,3500000.0,Decreased
2439,0.0,7500000.0,Decreased
2440,32000000.0,25000000.0,Increased
2441,1500000.0,1500000.0,Decreased
2442,0.0,2500000.0,Decreased
2443,0.0,3500000.0,Decreased
2444,0.0,2500000.0,Decreased
2445,0.0,9000000.0,Decreased
2446,30500000.0,35000000.0,Stable
2447,0.0,27000000.0,Decreased
2448,0.0,25000000.0,Decreased
2449,0.0,25000000.0,Decreased
2450,0.0,30000000.0,Decreased
2451,52000000.0,30000000.0,Increased
2452,13000000.0,5000000.0,Increased
2453,7500000.0,8000000.0,Increased
2454,0.0,4000000.0,Decreased
2455,0.0,3000000.0,Decreased
2456,0.0,100000.0,Decreased
2457,0.0,20000000.0,Decreased
2458,0.0,25000000.0,Decreased
2459,0.0,6000000.0,Decreased
2460,2000000.0,3000000.0,Stable
2461,700000.0,1000000.0,Stable
2462,1000000.0,3000000.0,Stable
2463,8000000.0,4000000.0,Increased
2464,0.0,6000000.0,Decreased
2465,0.0,4000000.0,Decreased
2466,1500000.0,4000000.0,Decreased
2467,20500000.0,30000000.0,Decreased
2468,0.0,32000000.0,Decreased
2469,0.0,16000000.0,Decreased
2470,11000000.0,12000000.0,Stable
2471,0.0,18000000.0,Decreased
2472,0.0,8000000.0,Decreased
2473,18750000.0,10000000.0,Increased
2474,3500000.0,6000000.0,Decreased
2475,0.0,2000000.0,Decreased
2476,0.0,2500000.0,Decreased
2477,0.0,1800000.0,Decreased
2478,1800000.0,1800000.0,Stable
2479,0.0,3000000.0,Decreased
2480,0.0,1500000.0,Decreased
2481,0.0,500000.0,Stable
2482,0.0,100000.0,Stable
2483,2000000.0,1200000.0,Stable
2484,0.0,1800000.0,Decreased
2485,0.0,400000.0,Stable
2486,27000000.0,15000000.0,Increased
2487,0.0,5000000.0,Decreased
2488,0.0,3500000.0,Decreased
2489,0.0,5000000.0,Decreased
2490,0.0,3000000.0,Decreased
2491,0.0,5000000.0,Decreased
2492,0.0,4000000.0,Decreased
2493,0.0,3000000.0,Decreased
2494,500000.0,5000000.0,Decreased
2495,25000000.0,28000000.0,Decreased
2496,26700000.0,25000000.0,Increased
2497,2500000.0,6000000.0,Decreased
2498,75000000.0,60000000.0,Increased
2499,0.0,10000000.0,Decreased
2500,0.0,22000000.0,Decreased
2501,44500000.0,40000000.0,Increased
2502,5000000.0,9000000.0,Stable
2503,23600000.0,12000000.0,Increased
2504,50000000.0,80000000.0,Decreased
2505,0.0,80000000.0,Decreased
2506,5000000.0,12000000.0,Decreased
2507,22000000.0,25000000.0,Decreased
2508,14000000.0,4000000.0,Increased
2509,47500000.0,60000000.0,Decreased
2510,0.0,4000000.0,Decreased
2511,0.0,6000000.0,Decreased
2512,18000000.0,25000000.0,Decreased
2513,3000000.0,5000000.0,Decreased
2514,1350000.0,400000.0,Stable
2515,0.0,3000000.0,Decreased
2516,10600000.0,7000000.0,Increased
2517,0.0,2500000.0,Decreased
2518,29300000.0,20000000.0,Increased
2519,0.0,4000000.0,Decreased
2520,0.0,4200000.0,Decreased
2521,0.0,4500000.0,Decreased
2522,5000000.0,9000000.0,Decreased
2523,23000000.0,22000000.0,Stable
2524,46700000.0,18000000.0,Increased
2525,17700000.0,15000000.0,Increased
2526,4500000.0,4000000.0,Stable
2527,17850000.0,8000000.0,Increased
2528,21500000.0,15000000.0,Increased
2529,2000000.0,4500000.0,Decreased
2530,0.0,6000000.0,Decreased
2531,0.0,10000000.0,Decreased
2532,0.0,10000000.0,Decreased
2533,1700000.0,6000000.0,Decreased
2534,5000000.0,16000000.0,Decreased
2535,0.0,15000000.0,Decreased
2536,0.0,25000000.0,Decreased
2537,0.0,5000000.0,Decreased
2538,0.0,13000000.0,Decreased
2539,0.0,25000000.0,Decreased
2540,0.0,35000000.0,Decreased
2541,9000000.0,10000000.0,Stable
2542,0.0,25000000.0,Decreased
2543,0.0,30000000.0,Decreased
2544,31800000.0,22000000.0,Increased
2545,14200000.0,7000000.0,Increased
2546,23500000.0,15000000.0,Increased
2547,0.0,16000000.0,Decreased
2548,5000000.0,10000000.0,Decreased
2549,0.0,8000000.0,Decreased
2550,17600000.0,20000000.0,Decreased
2551,59350000.0,50000000.0,Increased
2552,23400000.0,17000000.0,Increased
2553,0.0,25000000.0,Decreased
2554,0.0,15000000.0,Decreased
2555,0.0,15000000.0,Decreased
2556,0.0,14000000.0,Decreased
2557,0.0,7000000.0,Decreased
2558,0.0,15000000.0,Decreased
2559,41200000.0,15000000.0,Increased
2560,2000000.0,3000000.0,Stable
2561,0.0,22000000.0,Decreased
2562,7000000.0,6000000.0,Stable
2563,0.0,3000000.0,Decreased
2564,0.0,3500000.0,Decreased
2565,0.0,4000000.0,Decreased
2566,18000000.0,40000000.0,Decreased
2567,55000000.0,60000000.0,Increased
2568,0.0,6000000.0,Decreased
2569,0.0,5000000.0,Decreased
2570,15000000.0,30000000.0,Decreased
2571,0.0,5000000.0,Decreased
2572,0.0,30000000.0,Decreased
2573,0.0,4000000.0,Decreased
2574,0.0,6000000.0,Decreased
2575,0.0,7500000.0,Decreased
2576,0.0,25000000.0,Decreased
2577,0.0,35000000.0,Decreased
2578,0.0,12000000.0,Decreased
2579,13000000.0,12000000.0,Stable
2580,0.0,4000000.0,Decreased
2581,0.0,20000000.0,Decreased
2582,0.0,11000000.0,Decreased
2583,0.0,10000000.0,Decreased
2584,0.0,7500000.0,Decreased
2585,0.0,6000000.0,Decreased
2586,0.0,7500000.0,Decreased
2587,0.0,5000000.0,Decreased
2588,4000000.0,15000000.0,Decreased
2589,5000000.0,12000000.0,Decreased
2590,0.0,600000.0,Stable
2591,11000000.0,10000000.0,Stable
2592,0.0,6000000.0,Decreased
2593,0.0,1200000.0,Decreased
2594,0.0,7000000.0,Decreased
2595,1000000.0,8000000.0,Decreased
2596,1000000.0,2000000.0,Stable
2597,13000000.0,20000000.0,Decreased
2598,0.0,20000000.0,Decreased
2599,0.0,20000000.0,Decreased
2600,0.0,6000000.0,Decreased
2601,0.0,2500000.0,Decreased
2602,0.0,3500000.0,Decreased
2603,19000000.0,20000000.0,Decreased
2604,0.0,4000000.0,Decreased
2605,0.0,3500000.0,Decreased
2606,8300000.0,14000000.0,Decreased
2607,0.0,10000000.0,Decreased
2608,0.0,5000000.0,Decreased
2609,15000000.0,18000000.0,Decreased
2610,20000000.0,30000000.0,Decreased
2611,5500000.0,9000000.0,Decreased
2612,18000000.0,15000000.0,Increased
2613,23000000.0,18000000.0,Increased
2614,0.0,2000000.0,Decreased
2615,0.0,4000000.0,Decreased
2616,0.0,3000000.0,Decreased
2617,0.0,25000000.0,Decreased
2618,1700000.0,1500000.0,Stable
2619,9000000.0,6000000.0,Increased
2620,0.0,1500000.0,Decreased
2621,0.0,4000000.0,Decreased
2622,28500000.0,18000000.0,Increased
2623,9000000.0,10000000.0,Decreased
2624,5350000.0,4500000.0,Stable
2625,10000000.0,3000000.0,Increased
2626,5000000.0,2500000.0,Increased
2627,21000000.0,15000000.0,Increased
2628,8600000.0,8000000.0,Stable
2629,0.0,700000.0,Stable
2630,0.0,4000000.0,Decreased
2631,0.0,4000000.0,Decreased
2632,0.0,5500000.0,Decreased
2633,3100000.0,3000000.0,Stable
2634,4500000.0,5000000.0,Stable
2635,5200000.0,8000000.0,Decreased
2636,3500000.0,3500000.0,Stable
2637,1000000.0,1500000.0,Stable
2638,0.0,1800000.0,Decreased
2639,500000.0,3000000.0,Decreased
2640,0.0,16000000.0,Decreased
2641,0.0,15000000.0,Decreased
2642,0.0,4000000.0,Decreased
2643,0.0,2000000.0,Decreased
2644,0.0,6000000.0,Decreased
2645,0.0,7500000.0,Decreased
2646,4280000.0,4500000.0,Stable
2647,0.0,2500000.0,Decreased
2648,0.0,15000000.0,Decreased
2649,0.0,4000000.0,Decreased
2650,0.0,5000000.0,Decreased
2651,54700000.0,50000000.0,Increased
2652,0.0,2500000.0,Decreased
2653,0.0,3000000.0,Decreased
2654,13000000.0,14000000.0,Stable
2655,8000000.0,5000000.0,Increased
2656,1800000.0,3500000.0,Decreased
2657,0.0,10000000.0,Decreased
2658,0.0,12000000.0,Decreased
2659,0.0,18000000.0,Decreased
2660,5000000.0,3000000.0,Increased
2661,31400000.0,35000000.0,Decreased
2662,0.0,6000000.0,Decreased
2663,0.0,5000000.0,Decreased
2664,0.0,125000.0,Decreased
2665,12300000.0,15000000.0,Decreased
2666,1200000.0,2700000.0,Decreased
2667,0.0,8000000.0,Decreased
2668,0.0,3000000.0,Decreased
2669,0.0,18000000.0,Decreased
2670,0.0,20000000.0,Decreased
2671,0.0,2300000.0,Decreased
2672,0.0,6000000.0,Decreased
2673,70000000.0,85000000.0,Decreased
2674,0.0,20000000.0,Decreased
2675,0.0,22000000.0,Decreased
2676,0.0,28000000.0,Decreased
2677,10000000.0,6000000.0,Increased
2678,5000000.0,4500000.0,Stable
2679,0.0,5000000.0,Decreased
2680,0.0,18000000.0,Decreased
2681,0.0,14000000.0,Decreased
2682,0.0,15000000.0,Decreased
2683,4000000.0,4000000.0,Stable
2684,0.0,17000000.0,Decreased
2685,0.0,20000000.0,Decreased
2686,0.0,7500000.0,Decreased
2687,8000000.0,7500000.0,Stable
2688,0.0,9000000.0,Decreased
2689,0.0,12000000.0,Decreased
2690,30000000.0,20000000.0,Increased
2691,3000000.0,2500000.0,Stable
2692,2000000.0,5000000.0,Decreased
2693,9000000.0,12000000.0,Decreased
2694,2500000.0,2500000.0,Stable
2695,0.0,7000000.0,Decreased
2696,0.0,5000000.0,Decreased
2697,28000000.0,25000000.0,Increased
2698,15000000.0,12000000.0,Increased
2699,59920000.0,55000000.0,Increased
2700,0.0,2000000.0,Decreased
2701,5000000.0,8000000.0,Decreased
2702,0.0,1800000.0,Decreased
2703,0.0,2500000.0,Decreased
2704,0.0,2800000.0,Decreased
2705,0.0,4000000.0,Decreased
2706,1000000.0,1500000.0,Decreased
2707,0.0,1200000.0,Decreased
2708,0.0,2000000.0,Decreased
2709,0.0,2500000.0,Decreased
2710,0.0,900000.0,Stable
2711,4000000.0,7000000.0,Decreased
2712,1500000.0,2200000.0,Stable
2713,0.0,2000000.0,Decreased
2714,0.0,3000000.0,Decreased
2715,0.0,2500000.0,Decreased
2716,0.0,5000000.0,Decreased
2717,0.0,2500000.0,Decreased
2718,0.0,20000000.0,Decreased
2719,6000000.0,3000000.0,Increased
2720,0.0,1500000.0,Decreased
2721,0.0,2000000.0,Decreased
2722,1000000.0,2800000.0,Decreased
2723,2500000.0,2800000.0,Stable
2724,8000000.0,7000000.0,Stable
2725,12000000.0,9000000.0,Stable
2726,0.0,7000000.0,Decreased
2727,0.0,5000000.0,Decreased
2728,1800000.0,2000000.0,Stable
2729,1350000.0,700000.0,Stable
2730,500000.0,1500000.0,Stable
2731,700000.0,700000.0,Stable
2732,0.0,2500000.0,Decreased
2733,0.0,12000000.0,Decreased
2734,0.0,15000000.0,Decreased
2735,15000000.0,12000000.0,Increased
2736,12000000.0,13000000.0,Stable
2737,11000000.0,8000000.0,Increased
2738,7000000.0,4500000.0,Increased
2739,0.0,1200000.0,Decreased
2740,90000.0,1500000.0,Decreased
2741,0.0,2000000.0,Decreased
2742,0.0,2500000.0,Decreased
2743,0.0,3000000.0,Decreased
2744,0.0,3500000.0,Decreased
2745,0.0,2500000.0,Decreased
2746,0.0,3500000.0,Decreased
2747,0.0,,Stable
2748,0.0,800000.0,Stable
2749,0.0,500000.0,Stable
2750,600000.0,500000.0,Stable
